store_id,pick_up_lat,pick_up_lng
s1,6.259204592,-75.59274385
s2,6.336558,-75.55926
s3,6.245739,-75.588682
s4,6.248884,-75.589713
s5,6.245453,-75.589347
s6,6.209371,-75.567043
s7,6.261528,-75.596973
s8,6.209235,-75.568746
s9,6.213074,-75.5729773
s10,6.248800908,-75.58969839
s11,6.243626,-75.600355
s12,6.228646013,-75.59645249
s13,6.211061,-75.558778
s14,6.223423,-75.585937
s15,6.251247,-75.565171
s16,6.225142,-75.569995
s17,6.1907706,-75.5916743
s18,6.239671,-75.581043
s19,6.246611,-75.602667
s20,6.20508,-75.587236
s21,6.211045,-75.571742
s22,6.197659817,-75.5749044
s23,6.181027,-75.568661
s24,6.171367,-75.5871
s25,6.197132,-75.557522
s26,6.203580031,-75.57651374
s27,6.247125,-75.587926
s28,6.208214322,-75.56327408
s29,6.2446058,-75.5953744
s30,6.204593,-75.570744
s31,6.210792,-75.567751
s32,6.209256,-75.565156
s33,6.209841,-75.566117
s34,6.224592,-75.574417
s35,6.22005,-75.584717
s36,6.199462,-75.57374
s37,6.2573009,-75.5856171
s38,6.1806172,-75.5680964
s39,6.16516,-75.5760426
s40,6.211982,-75.558588
s41,6.209612,-75.588545
s42,6.235322,-75.570487
s43,6.2114084,-75.57528
s44,6.1619642,-75.6059114
s45,6.234988,-75.591352
s46,6.12733,-75.415818
s47,6.2587768,-75.58451305
s48,6.207678,-75.585953
s49,6.245880457,-75.59582405
s50,6.196605667,-75.56576367
s51,6.21616,-75.605326
s52,6.245574,-75.595464
s53,6.203848,-75.570829
s54,6.199872,-75.572755
s55,6.1808424,-75.5681354
s56,6.21211732,-75.59345968
s57,6.246621187,-75.59505596
s58,6.212525804,-75.55937023
s59,6.245178564,-75.59551158
s60,6.250232,-75.563379
s61,6.170175,-75.588074
s62,6.214142,-75.571636
s63,6.199774025,-75.57562467
s64,6.229744753,-75.6022354
s65,6.165779,-75.600284
s66,6.209007665,-75.56601322
s67,6.212757997,-75.5591706
s68,6.199218564,-75.57418372
s69,6.193785,-75.576194
s70,6.207636,-75.566586
s71,6.211653398,-75.57497122
s72,6.245873942,-75.6021541
s73,6.235306,-75.570486
s74,6.197561,-75.573631
s75,6.1711701,-75.587034
s76,6.208288,-75.567081
s77,6.178998984,-75.58808855
s78,6.170102,-75.588471
s79,6.180085,-75.582774
s80,6.247807,-75.59752
s81,6.255365998,-75.58296429
s82,6.188536,-75.589205
s83,6.238013,-75.598396
s84,6.208469,-75.567006
s85,6.1962397,-75.5738095
s86,6.167879,-75.568733
s87,6.214377,-75.5733664
s88,6.331698958,-75.55618453
s89,6.208692,-75.566857
s90,6.217812,-75.571671
s91,6.17418,-75.583352
s92,6.249416,-75.597582
s93,6.211673,-75.569905
s94,6.197065687,-75.55892812
s95,6.161614,-75.600613
s96,6.212456,-75.559067
s97,6.238331001,-75.59657764
s98,6.1954726,-75.5747143
s99,6.169364,-75.585344
s100,6.212542,-75.570863
s101,6.206511,-75.565965
s102,6.206806,-75.574113
s103,6.223362,-75.57487
s104,6.221712,-75.586263
s105,6.246218257,-75.59569204
s106,6.206656,-75.559874
s107,6.245423143,-75.60172155
s108,6.238981,-75.594404
s109,6.178739667,-75.5934476
s110,6.180832334,-75.56880668
s111,6.198768,-75.556825
s112,6.240779,-75.587107
s113,6.246577,-75.602714
s114,6.20681,-75.574113
s115,6.340468,-75.54277
s116,6.176391,-75.591944
s117,6.212414,-75.574859
s118,6.244606,-75.588949
s119,6.248203,-75.566775
s120,6.233436,-75.60422
s121,6.19701,-75.55853
s122,6.176381,-75.584197
s123,6.124171,-75.420951
s124,6.213257,-75.572579
s125,6.251361,-75.603448
s126,6.245703735,-75.60184374
s127,6.238974965,-75.54813153
s128,6.196622,-75.559164
s129,6.209036,-75.566844
s130,6.233399,-75.6044573
s131,6.210493034,-75.57025046
s132,6.2443245,-75.573326
s133,6.185979,-75.569585
s134,6.222666,-75.575134
s135,6.160845,-75.604538
s136,6.250004316,-75.56610154
s137,6.148578229,-75.6212963
s138,6.175844997,-75.59207889
s139,6.201182313,-75.57272907
s140,6.18105,-75.56887
s141,6.198319,-75.556711
s142,6.1699867,-75.589988
s143,6.199536017,-75.56277874
s144,6.208346,-75.566299
s145,6.20711,-75.566185
s146,6.209693,-75.571891
s147,6.208235,-75.576552
s148,6.232181357,-75.59540878
s149,6.170746509,-75.58770491
s150,6.152314,-75.636586
s151,6.1966533,-75.5602004
s152,6.169931,-75.588099
s153,6.270489,-75.576632
s154,6.161614524,-75.60554407
s155,6.186139,-75.569732
s156,6.210671,-75.566066
s157,6.273107,-75.593695
s158,6.160695,-75.604355
s159,6.339083,-75.544086
s160,6.215259667,-75.59793132
s161,6.20450934,-75.5706395
s162,6.225736,-75.57276
s163,6.241262,-75.587647
s164,6.245712,-75.596422
s165,6.211361,-75.572194
s166,6.233859,-75.56881
s167,6.198509844,-75.56743872
s168,6.1532382,-75.6343361
s169,6.336447,-75.558687
s170,6.249398,-75.583865
s171,6.246434667,-75.56519266
s172,6.187955,-75.580025
s173,6.211305,-75.580506
s174,6.20005,-75.562679
s175,6.1635953,-75.5727874
s176,6.33875,-75.543861
s177,6.202827,-75.584424
s178,6.180949,-75.568616
s179,6.244692,-75.594302
s180,6.186425764,-75.58241711
s181,6.260009,-75.597121
s182,6.214432,-75.57635
s183,6.176467,-75.591878
s184,6.184028,-75.579156
s185,6.206605,-75.566258
s186,6.167331,-75.619649
s187,6.245923345,-75.601331
s188,6.241519289,-75.58707637
s189,6.342349,-75.541571
s190,6.153986,-75.617127
s191,6.196577,-75.565598
s192,6.163444,-75.573833
s193,6.175298668,-75.59215632
s194,6.212737679,-75.57619392
s195,6.14634,-75.377603
s196,6.211947603,-75.5750296
s197,6.214781,-75.570906
s198,6.22982,-75.596094
s199,6.15611,-75.611509
s200,6.170991,-75.60976
s201,6.245868,-75.596918
s202,6.252647,-75.588084
s203,6.204833346,-75.57230251
s204,6.180467678,-75.56841985
s205,6.151839,-75.615743
s206,6.176149,-75.585106
s207,6.169733,-75.580233
s208,6.21626,-75.584244
s209,6.256135,-75.580823
s210,6.332964,-75.557179
s211,6.321273,-75.560532
s212,6.217072,-75.598528
s213,6.218517,-75.583827
s214,6.2225026,-75.57483815
s215,6.232113,-75.59736
s216,6.176205213,-75.59171858
s217,6.186276,-75.56245
s218,6.153041,-75.616963
s219,6.199864965,-75.57583892
s220,6.211716396,-75.59463719
s221,6.221701,-75.586263
s222,6.169455,-75.587468
s223,6.124776,-75.42175
s224,6.200161,-75.561962
s225,6.190689,-75.580479
s226,6.153485,-75.631661
s227,6.246753,-75.572498
s228,6.1767461,-75.4373218
s229,6.233483,-75.568391
s230,6.247970484,-75.59470251
s231,6.209927,-75.56827
s232,6.246599697,-75.59515377
s233,6.196639,-75.574079
s234,6.20208,-75.571815
s235,6.124069597,-75.42143159
s236,6.19772,-75.558853
s237,6.264203,-75.567389
s238,6.247777,-75.568162
s239,6.175679,-75.591466
s240,6.199841,-75.575813
s241,6.216769343,-75.59820937
s242,6.238634662,-75.58694048
s243,6.161332,-75.605736
s244,6.2385919,-75.5751451
s245,6.19974025,-75.575356
s246,6.197548267,-75.57474261
s247,6.210663,-75.565599
s248,6.196234,-75.574033
s249,6.233544602,-75.60387474
s250,6.255924,-75.585112
s251,6.214167,-75.572501
s252,6.198957666,-75.57541453
s253,6.2150626,-75.5860185
s254,6.19982,-75.562756
s255,6.246357,-75.593348
s256,6.176151671,-75.59173669
s257,6.21076675,-75.57065025
s258,6.176848412,-75.59130096
s259,6.160851665,-75.6045732
s260,6.175226,-75.586026
s261,6.248258,-75.565497
s262,6.125095,-75.422075
s263,6.209278,-75.566627
s264,6.219076337,-75.59293799
s265,6.20232,-75.586565
s266,6.19942399,-75.56552227
s267,6.228688,-75.575126
s268,6.232459087,-75.60394111
s269,6.199085672,-75.57550388
s270,6.247885017,-75.57003487
s271,6.244833,-75.594467
s272,6.198975348,-75.5749155
s273,6.199166,-75.575214
s274,6.22962788,-75.57073387
s275,6.196635,-75.56521499
s276,6.22593555,-75.56910085
s277,6.16402,-75.573761
s278,6.24806,-75.597788
s279,6.164096,-75.585007
s280,6.226059,-75.575296
s281,6.214289274,-75.57677836
s282,6.204669,-75.582667
s283,6.163277,-75.573684
s284,6.17647,-75.591877
s285,6.339131,-75.543898
s286,6.176432007,-75.59188676
s287,6.158428,-75.60837
s288,6.214731,-75.596306
s289,6.2143499,-75.5962433
s290,6.200272319,-75.56195789
s291,6.198208,-75.565552
s292,6.26367874,-75.56714505
s293,6.196532,-75.573825
s294,6.208363,-75.590793
s295,6.217024,-75.598516
s296,6.19688004,-75.55965467
s297,6.24079,-75.58771
s298,6.199385,-75.5745
s299,6.198968,-75.575419
s300,6.208821,-75.566363
s301,6.245472751,-75.59287729
s302,6.156641,-75.626764
s303,6.179238,-75.583182
s304,6.151886,-75.623545
s305,6.335444,-75.55776
s306,6.2115717,-75.5948909
s307,6.198275,-75.565592
s308,6.233274,-75.596391
s309,6.211763317,-75.59453389
s310,6.258168371,-75.59476189
s311,6.160247,-75.605157
s312,6.196479007,-75.57382992
s313,6.230087,-75.605868
s314,6.271103,-75.577336
s315,6.207400264,-75.5677908
s316,6.212938,-75.571551
s317,6.234471,-75.568758
s318,6.210723,-75.567659
s319,6.176689794,-75.59191345
s320,6.199945,-75.575868
s321,6.196047998,-75.57400963
s322,6.208002,-75.567059
s323,6.249039,-75.597137
s324,6.198419,-75.565987
s325,6.18187,-75.582159
s326,6.17674233,-75.59133015
s327,6.199933,-75.562701
s328,6.204271,-75.570846
s329,6.2338757,-75.5686493
s330,6.218226674,-75.56467771
s331,6.217029,-75.564678
s332,6.2635402,-75.5976119
s333,6.160691,-75.604279
s334,6.193007364,-75.58011237
s335,6.2713239,-75.57710784
s336,6.161737,-75.605608
s337,6.229472642,-75.57004445
s338,6.210061327,-75.59419429
s339,6.152110337,-75.61572278
s340,6.161562,-75.60542766
s341,6.198984254,-75.57482191
s342,6.197264,-75.558513
s343,6.339317,-75.54225
s344,6.208439006,-75.56417946
s345,6.211886019,-75.59383151
s346,6.169309767,-75.59426418
s347,6.245177338,-75.59660247
s348,6.198903,-75.575369
s349,6.202668,-75.571755
s350,6.204478,-75.571918
s351,6.233448,-75.603917
s352,6.2173813,-75.5647511
s353,6.23291764,-75.60379196
s354,6.2712734,-75.577123
s355,6.24472,-75.599693
s356,6.207511,-75.564816
s357,6.211581051,-75.59486668
s358,6.147702642,-75.37886035
s359,6.199481,-75.573732
s360,6.23109019,-75.57269615
s361,6.339528,-75.542278
s362,6.205092,-75.584075
s363,6.2072291,-75.5718966
s364,6.19702436,-75.55928025
s365,6.211393,-75.571052
s366,6.257194,-75.591845
s367,6.209885,-75.568555
s368,6.209277532,-75.56567493
s369,6.167978667,-75.58541166
s370,6.2096212,-75.5724054
s371,6.151878557,-75.62354294
s372,6.338687,-75.545124
s373,6.2454504,-75.59623
s374,6.247585,-75.594499
s375,6.245954,-75.602241
s376,6.2124871,-75.5591908
s377,6.1991563,-75.5763117
s378,6.181666,-75.582478
s379,6.177361,-75.58568
s380,6.214111374,-75.57633091
s381,6.216936,-75.598437
s382,6.199004,-75.575547
s383,6.2335361,-75.6039163
s384,6.246457,-75.595369
s385,6.16084,-75.604346
s386,6.247689,-75.597677
s387,6.176434,-75.591862
s388,6.206524,-75.582846
s389,6.185924,-75.569287
s390,6.199215,-75.574893
s391,6.196581,-75.560222
s392,6.176412367,-75.59186563
s393,6.160251676,-75.60507654
s394,6.177712,-75.58615
s395,6.212604313,-75.59453115
s396,6.207488,-75.565218
s397,6.243812,-75.602846
s398,6.197514,-75.558883
s399,6.17209959,-75.60913849
s400,6.244727318,-75.58966897
s401,6.245158326,-75.5953963
s402,6.176766,-75.591667
s403,6.197455,-75.558883
s404,6.179127,-75.588104
s405,6.19599762,-75.573959
s406,6.246206256,-75.59536898
s407,6.200121288,-75.57256219
s408,6.152287552,-75.62338199
s409,6.228986,-75.570108
s410,6.240430597,-75.58665979
s411,6.19608237,-75.57395903
s412,6.176297,-75.584747
s413,6.241312,-75.587653
s414,6.153432679,-75.61738175
s415,6.176745,-75.591329
s416,6.206973,-75.564862
s417,6.19566167,-75.57381863
s418,6.197085,-75.559107
s419,6.1766893,-75.5919042
s420,6.245954359,-75.60221167
s421,6.171062,-75.610279
s422,6.250485287,-75.56723286
s423,6.168784001,-75.5872842
s424,6.230173441,-75.5701844
s425,6.218265315,-75.57457755
s426,6.160402,-75.604461
s427,6.16752045,-75.56891125
s428,6.180879672,-75.56860022
s429,6.196489171,-75.57406791
s430,6.260428,-75.593791
s431,6.152398237,-75.61490834
s432,6.240257,-75.596764
s433,6.332823,-75.556698
s434,6.244837991,-75.59522992
s435,6.161659664,-75.60596391
s436,6.186461,-75.5901967
s437,6.21197,-75.572302
s438,6.199687,-75.575659
s439,6.18421,-75.563487
s440,6.220455,-75.566534
s441,6.1756405,-75.59146
s442,6.199048671,-75.57563063
s443,6.214317,-75.573815
s444,6.196663,-75.559844
s445,6.163681719,-75.57347408
s446,6.234995,-75.569599
s447,6.224476,-75.574567
s448,6.244862,-75.600192
s449,6.195763327,-75.57386271
s450,6.213804,-75.596677
s451,6.176556004,-75.59192745
s452,6.2038424,-75.57093685
s453,6.162779,-75.572779
s454,6.169902,-75.613951
s455,6.23862596,-75.5865835
s456,6.231919,-75.602336
s457,6.151864,-75.623759
s458,6.147122,-75.378313
s459,6.252105,-75.584623
s460,6.241465,-75.587192
s461,6.177571,-75.586064
s462,6.162058038,-75.60576409
s463,6.240229,-75.586465
s464,6.245322,-75.597144
s465,6.208318,-75.5763
s466,6.243088307,-75.60147473
s467,6.19656,-75.560248
s468,6.23033795,-75.57022747
s469,6.160737,-75.604378
s470,6.160942,-75.60529
s471,6.169455,-75.59076
s472,6.27326,-75.593599
s473,6.252929,-75.56421
s474,6.199925038,-75.56267995
s475,6.21724,-75.598483
s476,6.166976,-75.590938
s477,6.2415673,-75.5870511
s478,6.251027,-75.565908
s479,6.2465088,-75.5952092
s480,6.1635607,-75.5737927
s481,6.12661,-75.420262
s482,6.233762,-75.57467
s483,6.203401,-75.583188
s484,6.2159978,-75.5874654
s485,6.217596,-75.565063
s486,6.207025,-75.565511
s487,6.24362655,-75.59707975
s488,6.183204,-75.585333
s489,6.233207,-75.603742
s490,6.340046,-75.542592
s491,6.196158249,-75.57429918
s492,6.246320344,-75.59747407
s493,6.197127,-75.559268
s494,6.238687,-75.547558
s495,6.1984932,-75.5876089
s496,6.238584,-75.547522
s497,6.24106415,-75.58768825
s498,6.186068502,-75.56206139
s499,6.176375003,-75.59197683
s500,6.177371323,-75.59213352
s501,6.245826296,-75.60155419
s502,6.244971677,-75.59492427
s503,6.176652987,-75.59238973
s504,6.339802,-75.544989
s505,6.229417,-75.570727
s506,6.199978337,-75.56232428
s507,6.217243,-75.598506
s508,6.2466,-75.593934
s509,6.201855,-75.571947
s510,6.176943669,-75.5919992
s511,6.176353333,-75.59197234
s512,6.245538,-75.592846
s513,6.176537,-75.586305
s514,6.246636,-75.59416
s515,6.160460331,-75.59546244
s516,6.236040347,-75.56947869
s517,6.250585,-75.562069
s518,6.181388298,-75.56511892
s519,6.209282671,-75.56567383
s520,6.245953,-75.60224
s521,6.196447,-75.573837
s522,6.213834722,-75.57343227
s523,6.176588,-75.591526
s524,6.2081166,-75.5765607
s525,6.196185357,-75.57426112
s526,6.198374345,-75.56598635
s527,6.181939534,-75.58205502
s528,6.161976,-75.605807
s529,6.27134849,-75.576522
s530,6.238606,-75.547727
s531,6.220373,-75.566654
s532,6.217661433,-75.59896063
s533,6.197254,-75.559863
s534,6.160398,-75.60459
s535,6.17748,-75.586148
s536,6.233231769,-75.60385796
s537,6.208469,-75.565491
s538,6.197146,-75.559133
s539,6.255189,-75.582662
s540,6.251896,-75.58469
s541,6.238935,-75.589953
s542,6.245673,-75.596371
s543,6.257244,-75.58478
s544,6.246142574,-75.59656765
s545,6.197143,-75.559626
s546,6.180886333,-75.56838699
s547,6.246625,-75.595415
s548,6.262185932,-75.58741891
s549,6.250235,-75.591023
s550,6.17686,-75.592429
s551,6.2175642,-75.5648786
s552,6.249576675,-75.5660246
s553,6.198545,-75.565605
s554,6.202018,-75.571916
s555,6.2148174,-75.5580182
s556,6.339248,-75.542228
s557,6.213263,-75.571027
s558,6.166932329,-75.61903837
s559,6.246447,-75.595382
s560,6.160646,-75.604233
s561,6.16032,-75.605156
s562,6.261964,-75.589169
s563,6.176457,-75.591878
s564,6.263848809,-75.59696038
s565,6.200014,-75.562439
s566,6.196389,-75.56037
s567,6.197296,-75.559298
s568,6.228644,-75.575004
s569,6.1627785,-75.572779
s570,6.207164,-75.571611
s571,6.147104,-75.378311
s572,6.199,-75.572415
s573,6.20833,-75.565207
s574,6.233335623,-75.60398579
s575,6.245207942,-75.60056221
s576,6.201875,-75.572045
s577,6.175441,-75.592356
s578,6.245222,-75.595267
s579,6.2125391,-75.55911515
s580,6.210015,-75.566155
s581,6.27075,-75.577142
s582,6.241142288,-75.58761685
s583,6.2470313,-75.59477625
s584,6.163097,-75.602298
s585,6.17767,-75.586246
s586,6.270830267,-75.57689446
s587,6.163689,-75.596121
s588,6.160624,-75.595368
s589,6.214341317,-75.576709
s590,6.172371,-75.608673
s591,6.178992318,-75.58309708
s592,6.248439,-75.571318
s593,6.206804335,-75.56500821
s594,6.255129405,-75.58275573
s595,6.161398235,-75.60522413
s596,6.176070338,-75.58517746
s597,6.208821,-75.570706
s598,6.211692962,-75.59491074
s599,6.246638,-75.572458
s600,6.149041,-75.616999
s601,6.182977,-75.586137
s602,6.249401,-75.583865
s603,6.243554,-75.597113
s604,6.246517,-75.594706
s605,6.199813,-75.562335
s606,6.213651,-75.572811
s607,6.200164,-75.56196
s608,6.21174,-75.594575
s609,6.19752,-75.558786
s610,6.163543264,-75.57378172
s611,6.223935335,-75.57417833
s612,6.211486352,-75.59459928
s613,6.171908,-75.60947366
s614,6.249554176,-75.59591976
s615,6.198875329,-75.57540517
s616,6.246901636,-75.57255896
s617,6.246383,-75.597577
s618,6.192602675,-75.57982278
s619,6.1618,-75.605859
s620,6.197634324,-75.57492074
s621,6.247128,-75.589421
s622,6.246417868,-75.59485548
s623,6.199231663,-75.56255914
s624,6.252123545,-75.5846587
s625,6.237678,-75.587345
s626,6.1841427,-75.57891955
s627,6.21491235,-75.59727614
s628,6.234203,-75.596183
s629,6.177483665,-75.59206318
s630,6.339187838,-75.54389907
s631,6.1768743,-75.592547
s632,6.198306,-75.566109
s633,6.152087,-75.616305
s634,6.176784,-75.591847
s635,6.161679,-75.605949
s636,6.27091,-75.577271
s637,6.1240848,-75.4229456
s638,6.123965,-75.423076
s639,6.199743877,-75.56277009
s640,6.265096,-75.596459
s641,6.208194,-75.564615
s642,6.230588,-75.607979
s643,6.146972,-75.378332
s644,6.233586,-75.604588
s645,6.34009546,-75.54229955
s646,6.208286,-75.564644
s647,6.176556993,-75.59137348
s648,6.176509,-75.58527
s649,6.197243684,-75.558627
s650,6.246380238,-75.59320161
s651,6.271235,-75.57681
s652,6.176137,-75.585232
s653,6.2470002,-75.5707025
s654,6.247616,-75.594504
s655,6.248308674,-75.56198932
s656,6.178442,-75.583907
s657,6.234385,-75.570325
s658,6.245957,-75.596224
s659,6.206907,-75.56487312
s660,6.199952,-75.5725137
s661,6.147205,-75.378353
s662,6.196178019,-75.57397813
s663,6.204362624,-75.58260062
s664,6.1997811,-75.5726659
s665,6.206457,-75.564348
s666,6.27102264,-75.5769255
s667,6.174262369,-75.58378581
s668,6.234075105,-75.56866368
s669,6.199661,-75.562675
s670,6.2096017,-75.5699629
s671,6.206168,-75.582916
s672,6.205956,-75.58713
s673,6.233240996,-75.604584
s674,6.202693,-75.580628
s675,6.181952997,-75.5808381
s676,6.210846,-75.565987
s677,6.238853535,-75.5479341
s678,6.219935,-75.583906
s679,6.1820792,-75.5819767
s680,6.313085,-75.560886
s681,6.242806,-75.601223
s682,6.172612,-75.607942
s683,6.24626225,-75.59532835
s684,6.177181334,-75.59227179
s685,6.2414589,-75.5870574
s686,6.263933139,-75.5670222
s687,6.220408,-75.566496
s688,6.171433,-75.581813
s689,6.244659,-75.589257
s690,6.271052618,-75.57739091
s691,6.201988426,-75.57189306
s692,6.247678,-75.594635
s693,6.162679,-75.566603
s694,6.201962,-75.57181
s695,6.151969,-75.623882
s696,6.1475173,-75.3782314
s697,6.181049,-75.568871
s698,6.210169,-75.571466
s699,6.238991948,-75.54780604
s700,6.181729999,-75.58223392
s701,6.233672857,-75.60411894
s702,6.246557692,-75.59525665
s703,6.210659334,-75.56776499
s704,6.20111,-75.58465
s705,6.340573,-75.542603
s706,6.163358,-75.573306
s707,6.23023,-75.570048
s708,6.167411166,-75.61964357
s709,6.225988,-75.575235
s710,6.197605677,-75.55869915
s711,6.176409,-75.584449
s712,6.212013653,-75.59456607
s713,6.181939,-75.582055
s714,6.270591698,-75.57650027
s715,6.243607,-75.597079
s716,6.198678,-75.556802
s717,6.244977,-75.595442
s718,6.198883,-75.562169
s719,6.182979033,-75.58613349
s720,6.246579,-75.596325
s721,6.243029,-75.59415
s722,6.247577,-75.594483
s723,6.2081402,-75.5644943
s724,6.206662,-75.565085
s725,6.163331,-75.573305
s726,6.177609,-75.586235
s727,6.198946,-75.586851
s728,6.210121,-75.594093
s729,6.152243,-75.615711
s730,6.241235,-75.587645
s731,6.160305,-75.604591
s732,6.181089,-75.568639
s733,6.2050041,-75.587416
s734,6.246378,-75.563348
s735,6.234179,-75.568727
s736,6.249723756,-75.56466432
s737,6.19706725,-75.559381
s738,6.160921,-75.60528666
s739,6.154017,-75.542207
s740,6.196484,-75.573831
s741,6.245737,-75.601926
s742,6.255058,-75.582851
s743,6.1633468,-75.573745
s744,6.149865,-75.61562
s745,6.1475153,-75.3781462
s746,6.178921003,-75.58290651
s747,6.249602814,-75.56651325
s748,6.229754327,-75.57009324
s749,6.167529333,-75.56889904
s750,6.264607,-75.596993
s751,6.246105,-75.602158
s752,6.183059,-75.586266
s753,6.18586,-75.562295
s754,6.20672,-75.564339
s755,6.176463,-75.59188
s756,6.165121,-75.575656
s757,6.234683,-75.56875
s758,6.234983,-75.568802
s759,6.196554309,-75.57370979
s760,6.208188912,-75.56567831
s761,6.208635,-75.563473
s762,6.212020441,-75.57228331
s763,6.199059842,-75.57542486
s764,6.245893,-75.596788
s765,6.207243012,-75.57170461
s766,6.208153,-75.5645335
s767,6.246331351,-75.59727775
s768,6.262111,-75.587273
s769,6.208014,-75.564682
s770,6.16611,-75.589736
s771,6.233415,-75.603989
s772,6.233381277,-75.60382634
s773,6.211832,-75.5725
s774,6.246024999,-75.60203079
s775,6.176601,-75.584548
s776,6.245339,-75.598197
s777,6.147067409,-75.37826994
s778,6.214298,-75.576782
s779,6.240569027,-75.58697389
s780,6.260865,-75.59725
s781,6.176708001,-75.59207683
s782,6.124159,-75.420951
s783,6.176546,-75.592077
s784,6.2095001,-75.5939999
s785,6.232643,-75.59616243
s786,6.212114,-75.594648
s787,6.167528,-75.582746
s788,6.230417,-75.57025
s789,6.2222033,-75.5832281
s790,6.207607,-75.568584
s791,6.197459,-75.558703
s792,6.163394,-75.573112
s793,6.2126337,-75.559102
s794,6.166699,-75.589415
s795,6.152743,-75.616244
s796,6.217586717,-75.56477988
s797,6.203031,-75.572074
s798,6.338939,-75.542635
s799,6.250949,-75.56441
s800,6.167803,-75.58256
s801,6.160558326,-75.60456247
s802,6.229350341,-75.57073692
s803,6.153284382,-75.54155229
s804,6.229702,-75.570338
s805,6.1472535,-75.3784235
s806,6.226163755,-75.57556239
s807,6.205362,-75.585855
s808,6.2453701,-75.5970997
s809,6.230379922,-75.57030281
s810,6.2467611,-75.5965414
s811,6.212203,-75.574682
s812,6.233533,-75.603958
s813,6.199036,-75.575364
s814,6.210766,-75.567563
s815,6.172109,-75.609041
s816,6.246639,-75.572458
s817,6.210293,-75.568601
s818,6.245264977,-75.59519245
s819,6.19687196,-75.55843056
s820,6.2084103,-75.5655195
s821,6.2498378,-75.563013
s822,6.1237229,-75.4219573
s823,6.233467,-75.603839
s824,6.20019615,-75.58644237
s825,6.199454724,-75.57457305
s826,6.21348,-75.573652
s827,6.1982933,-75.56555258
s828,6.196716,-75.565506
s829,6.200713,-75.573096
s830,6.125099,-75.422075
s831,6.242569,-75.572339
s832,6.15076,-75.619505
s833,6.177064,-75.586362
s834,6.180031,-75.56106
s835,6.3327644,-75.5569038
s836,6.196897964,-75.55874092
s837,6.247436,-75.569835
s838,6.176456,-75.591844
s839,6.245917392,-75.60181842
s840,6.246197,-75.589238
s841,6.178108,-75.584332
s842,6.176716,-75.586361
s843,6.217194,-75.575083
s844,6.212163,-75.594468
s845,6.22992659,-75.5701789
s846,6.191738,-75.566524
s847,6.245938,-75.596173
s848,6.199856,-75.575841
s849,6.123996066,-75.42156026
s850,6.19663933,-75.56026813
s851,6.201345,-75.573663
s852,6.163541665,-75.57374057
s853,6.209162,-75.571369
s854,6.218023163,-75.56507552
s855,6.177327,-75.585882
s856,6.164985,-75.590526
s857,6.212581,-75.576196
s858,6.212176,-75.57463
s859,6.210545,-75.566099
s860,6.245413,-75.589468
s861,6.230540572,-75.57051197
s862,6.198538612,-75.55648749
s863,6.33577,-75.554532
s864,6.198307,-75.565739
s865,6.238708362,-75.54777497
s866,6.2069,-75.564841
s867,6.2129511,-75.5591374
s868,6.19879,-75.556469
s869,6.249315659,-75.56668617
s870,6.20722,-75.565151
s871,6.233384647,-75.6040435
s872,6.16140334,-75.60555
s873,6.172846,-75.586975
s874,6.208041,-75.588314
s875,6.337101,-75.561335
s876,6.177504994,-75.59215801
s877,6.150363,-75.614784
s878,6.212495,-75.594334
s879,6.181189,-75.568619
s880,6.251222,-75.588488
s881,6.21008,-75.566826
s882,6.175103,-75.583644
s883,6.152053,-75.61569
s884,6.252045,-75.585193
s885,6.250784,-75.597552
s886,6.210505,-75.571876
s887,6.262056,-75.587277
s888,6.2342763,-75.56856
s889,6.2087733,-75.5659056
s890,6.209463,-75.57189
s891,6.196366,-75.560106
s892,6.176597,-75.58523
s893,6.213439997,-75.57289632
s894,6.210843,-75.569287
s895,6.198186,-75.5567543
s896,6.233552598,-75.6047099
s897,6.255417,-75.601365
s898,6.160661,-75.595368
s899,6.176454,-75.591879
s900,6.214392,-75.571214
s901,6.246812002,-75.57080099
s902,6.246462,-75.595355
s903,6.196337,-75.573997
s904,6.247133721,-75.5972621
s905,6.197329049,-75.5590433
s906,6.202231,-75.571978
s907,6.186108501,-75.56215527
s908,6.16076633,-75.604482
s909,6.246507025,-75.59528759
s910,6.197154,-75.559671
s911,6.242551667,-75.556153
s912,6.177269331,-75.58597988
s913,6.195463341,-75.5612051
s914,6.260608271,-75.59390641
s915,6.229926,-75.570382
s916,6.207885,-75.5859
s917,6.212111023,-75.57483618
s918,6.217601,-75.565361
s919,6.207356,-75.564569
s920,6.161733999,-75.60497453
s921,6.20865,-75.570692
s922,6.208223943,-75.59085231
s923,6.251685619,-75.58467102
s924,6.246632,-75.572463
s925,6.2083859,-75.565808
s926,6.199987,-75.572521
s927,6.245975,-75.599974
s928,6.172779001,-75.60967713
s929,6.2335349,-75.6039825
s930,6.211493312,-75.59460886
s931,6.147624208,-75.37864327
s932,6.20638565,-75.5647651
s933,6.160504992,-75.60421039
s934,6.210209899,-75.56629974
s935,6.176674,-75.59168
s936,6.170134033,-75.58792504
s937,6.178847,-75.598928
s938,6.209938,-75.566475
s939,6.246295,-75.594871
s940,6.241185,-75.596853
s941,6.197329049,-75.55896542
s942,6.2316349,-75.5907055
s943,6.195782,-75.574202
s944,6.208327,-75.564673
s945,6.339066,-75.542078
s946,6.213122059,-75.57084232
s947,6.316867,-75.565933
s948,6.163101,-75.58203
s949,6.199212,-75.575113
s950,6.15045,-75.616226
s951,6.246866,-75.595501
s952,6.232019,-75.602792
s953,6.1518856,-75.6235446
s954,6.232248,-75.593337
s955,6.208322,-75.565711
s956,6.225624,-75.5752823
s957,6.224997,-75.569473
s958,6.245915,-75.59616
s959,6.216646334,-75.57627831
s960,6.176464001,-75.59188362
s961,6.210712,-75.570757
s962,6.153612,-75.373241
s963,6.23472444,-75.56892691
s964,6.200169,-75.561959
s965,6.176234,-75.585241
s966,6.229873,-75.60172
s967,6.19633,-75.574006
s968,6.202039,-75.572002
s969,6.33914,-75.5424
s970,6.172086,-75.584208
s971,6.208266,-75.565714
s972,6.161022922,-75.60512332
s973,6.201989,-75.585724
s974,6.240309,-75.602742
s975,6.211742387,-75.5949081
s976,6.211125,-75.576246
s977,6.2260449,-75.5752891
s978,6.210186,-75.571623
s979,6.246637,-75.569696
s980,6.153509,-75.541563
s981,6.269667,-75.56594
s982,6.179053467,-75.58364451
s983,6.175289,-75.585192
s984,6.245694987,-75.59045562
s985,6.245246,-75.595484
s986,6.186041,-75.562052
s987,6.147284999,-75.37884671
s988,6.238527,-75.603126
s989,6.16477,-75.590446
s990,6.22969,-75.57034
s991,6.263847,-75.596753
s992,6.125765,-75.419556
s993,6.245687,-75.592289
s994,6.247467,-75.589381
s995,6.3359921,-75.56034
s996,6.196605406,-75.56546017
s997,6.177751,-75.585879
s998,6.197634324,-75.57492074
s999,6.246155,-75.596567
s1000,6.163164616,-75.57372284
s1001,6.151888,-75.623614
s1002,6.165771998,-75.59023173
s1003,6.241306,-75.587586
s1004,6.125201,-75.423163
s1005,6.19586,-75.558662
s1006,6.170024,-75.58824
s1007,6.18486545,-75.57942225
s1008,6.255203046,-75.58274816
s1009,6.24450725,-75.59711685
s1010,6.229803,-75.569824
s1011,6.248927,-75.589031
s1012,6.255205,-75.582749
s1013,6.161592402,-75.60583647
s1014,6.238869,-75.602261
s1015,6.15133,-75.621643
s1016,6.2446392,-75.5763201
s1017,6.200341,-75.572495
s1018,6.1972463,-75.5586659
s1019,6.267401,-75.595827
s1020,6.160921,-75.603849
s1021,6.234071,-75.568879
s1022,6.250188351,-75.58840101
s1023,6.207883,-75.576606
s1024,6.196512,-75.573832
s1025,6.25584,-75.598478
s1026,6.2475969,-75.5970083
s1027,6.264078678,-75.56708703
s1028,6.1686229,-75.587936
s1029,6.246444,-75.596352
s1030,6.198837,-75.574881
s1031,6.249567,-75.598617
s1032,6.233624,-75.60462
s1033,6.200005,-75.562372
s1034,6.193408,-75.567106
s1035,6.199508001,-75.57379359
s1036,6.166827,-75.58317266
s1037,6.211966,-75.572311
s1038,6.151893,-75.623545
s1039,6.263095,-75.588892
s1040,6.270717,-75.576534
s1041,6.277413467,-75.57963536
s1042,6.339495,-75.544272
s1043,6.175294,-75.592127
s1044,6.196698,-75.574
s1045,6.216627,-75.586571
s1046,6.233520999,-75.60393827
s1047,6.247018,-75.589173
s1048,6.211274,-75.572436
s1049,6.184319,-75.579024
s1050,6.2317341,-75.5908745
s1051,6.19648089,-75.57383019
s1052,6.338926,-75.544943
s1053,6.19990055,-75.5720597
s1054,6.206082594,-75.58290007
s1055,6.206434,-75.584023
s1056,6.246852375,-75.59329939
s1057,6.266717,-75.596123
s1058,6.338929,-75.542415
s1059,6.251015,-75.565905
s1060,6.200349648,-75.56388149
s1061,6.214792,-75.571739
s1062,6.196578,-75.584254
s1063,6.236309,-75.549036
s1064,6.23400181,-75.56888988
s1065,6.206406,-75.582887
s1066,6.175201335,-75.59237659
s1067,6.173521942,-75.58512244
s1068,6.249725,-75.56306
s1069,6.257148,-75.591869
s1070,6.152465,-75.614931
s1071,6.233501937,-75.6040454
s1072,6.180822333,-75.56932231
s1073,6.246469,-75.595382
s1074,6.176657987,-75.59191309
s1075,6.261132,-75.586275
s1076,6.207984,-75.567358
s1077,6.167595387,-75.56885621
s1078,6.2099642,-75.5656693
s1079,6.165062,-75.582238
s1080,6.176639,-75.591366
s1081,6.1722799,-75.6088853
s1082,6.247495,-75.587041
s1083,6.170865,-75.62793
s1084,6.24826,-75.562823
s1085,6.2301985,-75.5702221
s1086,6.210556,-75.565633
s1087,6.172165,-75.603888
s1088,6.243346658,-75.59392797
s1089,6.198958,-75.58686
s1090,6.200169,-75.561958
s1091,6.207258,-75.564901
s1092,6.21244,-75.594313
s1093,6.146986,-75.378335
s1094,6.224573,-75.59177
s1095,6.207931,-75.566562
s1096,6.169272,-75.588364
s1097,6.246544,-75.593686
s1098,6.225907265,-75.57552305
s1099,6.250078,-75.588478
s1100,6.203651025,-75.56137669
s1101,6.198414,-75.565765
s1102,6.25675,-75.603162
s1103,6.236248,-75.596293
s1104,6.16043713,-75.60468432
s1105,6.198535,-75.556488
s1106,6.273240169,-75.59349723
s1107,6.245750833,-75.60245335
s1108,6.214057,-75.571613
s1109,6.259871,-75.597398
s1110,6.270747,-75.577143
s1111,6.1961416,-75.5603945
s1112,6.2406405,-75.5914036
s1113,6.21981,-75.583432
s1114,6.176501002,-75.59193173
s1115,6.233541353,-75.60424821
s1116,6.211485,-75.586682
s1117,6.213457,-75.57178
s1118,6.1657213,-75.591333
s1119,6.245227281,-75.59233313
s1120,6.262524,-75.597069
s1121,6.252765,-75.60933
s1122,6.20288298,-75.57242887
s1123,6.246946,-75.596384
s1124,6.20804,-75.564706
s1125,6.192693,-75.579475
s1126,6.166302,-75.589665
s1127,6.249433,-75.602098
s1128,6.271072,-75.57737
s1129,6.211222,-75.565093
s1130,6.254206,-75.583184
s1131,6.160246207,-75.60522348
s1132,6.268227,-75.595722
s1133,6.24799,-75.58999
s1134,6.253951,-75.563632
s1135,6.158436567,-75.59220298
s1136,6.255379,-75.582537
s1137,6.233215,-75.60411
s1138,6.233432144,-75.57383789
s1139,6.208573,-75.571118
s1140,6.21598,-75.605499
s1141,6.160889,-75.603778
s1142,6.167841334,-75.61247928
s1143,6.207763,-75.566611
s1144,6.215210016,-75.57078522
s1145,6.2385809,-75.5475227
s1146,6.165195,-75.575806
s1147,6.271209,-75.576785
s1148,6.332886198,-75.55706707
s1149,6.249435,-75.610941
s1150,6.210117667,-75.56916032
s1151,6.211722,-75.574909
s1152,6.246167,-75.596683
s1153,6.261161,-75.588543
s1154,6.229713949,-75.57016549
s1155,6.248217,-75.608737
s1156,6.2145302,-75.5731599
s1157,6.245956012,-75.60221211
s1158,6.267322,-75.601587
s1159,6.25526,-75.582741
s1160,6.146456,-75.378201
s1161,6.176654987,-75.59238302
s1162,6.220291,-75.566504
s1163,6.257154,-75.591872
s1164,6.246328018,-75.59508355
s1165,6.247933,-75.562209
s1166,6.231883,-75.591575
s1167,6.316896667,-75.55743499
s1168,6.210017,-75.56876
s1169,6.3321917,-75.5389572
s1170,6.246477,-75.595328
s1171,6.266657,-75.594737
s1172,6.2515729,-75.585193
s1173,6.199004,-75.575401
s1174,6.161482,-75.581839
s1175,6.338889,-75.543722
s1176,6.213308,-75.571876
s1177,6.340562,-75.541482
s1178,6.245593017,-75.59676516
s1179,6.196655,-75.584277
s1180,6.161616,-75.605544
s1181,6.26499,-75.597409
s1182,6.160567,-75.595584
s1183,6.257063,-75.5979
s1184,6.256992,-75.59196725
s1185,6.155415667,-75.61644985
s1186,6.220332024,-75.56648684
s1187,6.21449015,-75.596297
s1188,6.218224,-75.564678
s1189,6.223517388,-75.57487341
s1190,6.208467,-75.567195
s1191,6.339583,-75.5425
s1192,6.213458,-75.57178
s1193,6.199225,-75.574475
s1194,6.208597,-75.56521
s1195,6.177096367,-75.5921936
s1196,6.162462,-75.582349
s1197,6.209726,-75.570331
s1198,6.150588342,-75.62208282
s1199,6.150813,-75.615961
s1200,6.174765101,-75.59250363
s1201,6.233458335,-75.6047716
s1202,6.248738,-75.588933
s1203,6.152248,-75.615663
s1204,6.160565,-75.595587
s1205,6.21244,-75.59462
s1206,6.225592137,-75.58384214
s1207,6.232437,-75.604533
s1208,6.174769674,-75.5924354
s1209,6.255565,-75.601845
s1210,6.1615448,-75.6054913
s1211,6.229692,-75.57034
s1212,6.197413,-75.559484
s1213,6.245750833,-75.60245335
s1214,6.256177,-75.60004
s1215,6.238769,-75.547717
s1216,6.209341,-75.570807
s1217,6.152712,-75.615029
s1218,6.150695,-75.614832
s1219,6.271252987,-75.5770668
s1220,6.263994,-75.588283
s1221,6.19856,-75.556906
s1222,6.245213,-75.597414
s1223,6.199149,-75.574143
s1224,6.246325,-75.596223
s1225,6.151059,-75.617115
s1226,6.219533,-75.581513
s1227,6.246889,-75.594465
s1228,6.154111,-75.53299
s1229,6.1737647,-75.5811073
s1230,6.245956358,-75.59623146
s1231,6.246531,-75.595196
s1232,6.160508,-75.595236
s1233,6.1989567,-75.5743804
s1234,6.238033358,-75.57184935
s1235,6.148619399,-75.37829357
s1236,6.207876,-75.5659
s1237,6.210173022,-75.56547411
s1238,6.207647,-75.564006
s1239,6.171806405,-75.58689718
s1240,6.205054,-75.586095
s1241,6.184534,-75.563551
s1242,6.151303,-75.614639
s1243,6.210108,-75.56919
s1244,6.245581,-75.596167
s1245,6.24425,-75.595619
s1246,6.180879,-75.568608
s1247,6.25513124,-75.58275708
s1248,6.2461033,-75.6021566
s1249,6.313987,-75.563575
s1250,6.247605,-75.594548
s1251,6.194503,-75.576039
s1252,6.239332,-75.597906
s1253,6.248581,-75.563545
s1254,6.171553,-75.610502
s1255,6.238262,-75.598423
s1256,6.210025,-75.565691
s1257,6.194962332,-75.58995007
s1258,6.173182,-75.608623
s1259,6.2327705,-75.5977503
s1260,6.176499,-75.592027
s1261,6.212596977,-75.59452402
s1262,6.198128,-75.55906
s1263,6.213877,-75.572677
s1264,6.20098,-75.573023
s1265,6.16929,-75.588567
s1266,6.160327,-75.604752
s1267,6.180923,-75.569106
s1268,6.176362989,-75.59151808
s1269,6.339833,-75.562854
s1270,6.245487,-75.561214
s1271,6.241890336,-75.58690432
s1272,6.241492,-75.587196
s1273,6.170605,-75.586705
s1274,6.209972,-75.57587
s1275,6.257852,-75.597702
s1276,6.246303337,-75.59515831
s1277,6.181983,-75.566731
s1278,6.240974,-75.552497
s1279,6.245902541,-75.58922007
s1280,6.2097181,-75.5704797
s1281,6.243525,-75.597075
s1282,6.341048,-75.560332
s1283,6.169244,-75.594526
s1284,6.1696843,-75.6130273
s1285,6.213011405,-75.57629117
s1286,6.246038,-75.603283
s1287,6.178028,-75.586655
s1288,6.246123,-75.588775
s1289,6.2059549,-75.5857822
s1290,6.200015,-75.562438
s1291,6.24976,-75.611435
s1292,6.176689,-75.591924
s1293,6.207641,-75.567638
s1294,6.339083,-75.542139
s1295,6.1783891,-75.561679
s1296,6.207914716,-75.56574562
s1297,6.173655,-75.581719
s1298,6.243499,-75.6022
s1299,6.175856,-75.581855
s1300,6.261859567,-75.59711467
s1301,6.224166,-75.599513
s1302,6.183474,-75.580863
s1303,6.248401616,-75.58842886
s1304,6.19176,-75.594862
s1305,6.211022,-75.571738
s1306,6.214487,-75.596548
s1307,6.22055,-75.598534
s1308,6.173228,-75.585615
s1309,6.214442,-75.576352
s1310,6.225294109,-75.56890909
s1311,6.332517,-75.538917
s1312,6.234277,-75.606251
s1313,6.249392,-75.601107
s1314,6.207712,-75.576644
s1315,6.172312,-75.608704
s1316,6.176298,-75.583848
s1317,6.179881,-75.599535
s1318,6.256607,-75.600077
s1319,6.1508802,-75.6160029
s1320,6.176796,-75.586286
s1321,6.2470491,-75.5869795
s1322,6.211543722,-75.59456605
s1323,6.240984663,-75.58703828
s1324,6.3356813,-75.5627537
s1325,6.2639158,-75.5711713
s1326,6.199158,-75.574124
s1327,6.261596,-75.5993
s1328,6.242917,-75.601489
s1329,6.16625,-75.590003
s1330,6.196373,-75.573723
s1331,6.24462,-75.594383
s1332,6.20304,-75.601187
s1333,6.341251,-75.54111
s1334,6.241232,-75.587646
s1335,6.336113,-75.559759
s1336,6.211482,-75.594676
s1337,6.262061001,-75.58718166
s1338,6.20847,-75.565764
s1339,6.166871333,-75.59084187
s1340,6.270748,-75.577147
s1341,6.33651792,-75.5498568
s1342,6.211431717,-75.57530056
s1343,6.2477383,-75.59752
s1344,6.168997666,-75.59393854
s1345,6.167319654,-75.61964797
s1346,6.186737051,-75.58240362
s1347,6.150152,-75.616314
s1348,6.196092,-75.558393
s1349,6.179026,-75.583992
s1350,6.206673,-75.565724
s1351,6.315218,-75.5562632
s1352,6.209043,-75.565133
s1353,6.226045,-75.584384
s1354,6.176533,-75.585316
s1355,6.339876974,-75.54212101
s1356,6.270748022,-75.57714315
s1357,6.26861068,-75.56523096
s1358,6.233409,-75.6038786
s1359,6.184358,-75.579313
s1360,6.1514186,-75.6203278
s1361,6.181693,-75.575299
s1362,6.213474,-75.571789
s1363,6.245983,-75.60148
s1364,6.169145,-75.586701
s1365,6.208312,-75.565201
s1366,6.337382669,-75.54979744
s1367,6.208893394,-75.56710216
s1368,6.223309,-75.59433
s1369,6.15094,-75.61467
s1370,6.160691663,-75.60449147
s1371,6.172478,-75.585565
s1372,6.264007,-75.571264
s1373,6.196264,-75.573735
s1374,6.246218,-75.596465
s1375,6.247448,-75.595864
s1376,6.150421,-75.615652
s1377,6.147962,-75.622482
s1378,6.262601,-75.597069
s1379,6.255895334,-75.60213931
s1380,6.266178,-75.59616245
s1381,6.163014999,-75.5819312
s1382,6.245672,-75.599914
s1383,6.177003695,-75.59144203
s1384,6.161624997,-75.60560881
s1385,6.24078,-75.587106
s1386,6.198675,-75.589219
s1387,6.168298,-75.588094
s1388,6.235209,-75.59156
s1389,6.245155,-75.588648
s1390,6.197667,-75.558361
s1391,6.219321,-75.592744
s1392,6.217330796,-75.59865486
s1393,6.248355,-75.589369
s1394,6.214251,-75.572678
s1395,6.171654,-75.61193733
s1396,6.21021,-75.566778
s1397,6.223655234,-75.59959421
s1398,6.239259,-75.597889
s1399,6.167089,-75.585185
s1400,6.257321539,-75.59177401
s1401,6.20733272,-75.5877704
s1402,6.246769,-75.59245
s1403,6.265297,-75.555252
s1404,6.3410796,-75.560454
s1405,6.166312979,-75.58427311
s1406,6.152609,-75.616931
s1407,6.180878,-75.568607
s1408,6.166641,-75.590825
s1409,6.207171,-75.565229
s1410,6.210092,-75.567293
s1411,6.176173,-75.584413
s1412,6.213846,-75.572864
s1413,6.16349,-75.5736782
s1414,6.247246,-75.5903324
s1415,6.15158,-75.614052
s1416,6.223229,-75.592008
s1417,6.207439991,-75.56555403
s1418,6.209892,-75.567986
s1419,6.23873,-75.598412
s1420,6.207259,-75.564933
s1421,6.1781784,-75.5995585
s1422,6.248123847,-75.59252235
s1423,6.19247604,-75.58179112
s1424,6.237753,-75.583011
s1425,6.198271,-75.565592
s1426,6.250172,-75.562801
s1427,6.207892,-75.567189
s1428,6.2100993,-75.5668366
s1429,6.315406,-75.556268
s1430,6.196957,-75.574086
s1431,6.23677,-75.56953
s1432,6.1657,-75.591083
s1433,6.123831,-75.42277
s1434,6.243544,-75.597186
s1435,6.206775,-75.56675
s1436,6.2512725,-75.5592866
s1437,6.204590666,-75.58622629
s1438,6.174676344,-75.59279367
s1439,6.166475,-75.56938
s1440,6.240848,-75.558933
s1441,6.250043,-75.588553
s1442,6.270667,-75.57746
s1443,6.209398,-75.568266
s1444,6.200054,-75.57199
s1445,6.149231,-75.61659
s1446,6.152431178,-75.6131765
s1447,6.15006,-75.615315
s1448,6.153228,-75.533149
s1449,6.176689351,-75.5919359
s1450,6.21463592,-75.573203
s1451,6.2499605,-75.6090531
s1452,6.212529,-75.570583
s1453,6.233827,-75.600326
s1454,6.2512885,-75.5937866
s1455,6.165836,-75.589145
s1456,6.1700213,-75.5931251
s1457,6.206584,-75.564259
s1458,6.314111,-75.560739
s1459,6.2067984,-75.5746607
s1460,6.243507625,-75.60997004
s1461,6.266464,-75.59466
s1462,6.209253,-75.567869
s1463,6.206008,-75.564216
s1464,6.248407,-75.589689
s1465,6.150106,-75.617571
s1466,6.247054,-75.589244
s1467,6.15072,-75.619556
s1468,6.254441,-75.5989821
s1469,6.209447987,-75.56727958
s1470,6.222446,-75.605798
s1471,6.3382512,-75.5612689
s1472,6.248731,-75.588871
s1473,6.270829671,-75.57715002
s1474,6.164484,-75.582266
s1475,6.1529804,-75.6130132
s1476,6.244777,-75.598842
s1477,6.152692,-75.62217
s1478,6.160529,-75.595483
s1479,6.150547333,-75.62079966
s1480,6.213648,-75.571834
s1481,6.166639,-75.589688
s1482,6.168037,-75.612116
s1483,6.235492,-75.602009
s1484,6.24240652,-75.58661002
s1485,6.245311,-75.595491
s1486,6.2427971,-75.59831013
s1487,6.246133,-75.596774
s1488,6.153717,-75.614629
s1489,6.172833033,-75.58489998
s1490,6.206991,-75.588342
s1491,6.165605,-75.589507
s1492,6.2077,-75.58621
s1493,6.247414,-75.592449
s1494,6.181105,-75.569415
s1495,6.208094584,-75.56578514
s1496,6.1626604,-75.5823408
s1497,6.166201,-75.580785
s1498,6.340117368,-75.55884524
s1499,6.167852,-75.623641
s1500,6.249140342,-75.56429398
s1501,6.339105555,-75.54741137
s1502,6.246493,-75.594699
s1503,6.252062317,-75.58475669
s1504,6.240825818,-75.58789369
s1505,6.161107,-75.595941
s1506,6.247582,-75.594482
s1507,6.160371989,-75.60477165
s1508,6.234439,-75.568704
s1509,6.219955,-75.592559
s1510,6.2352494,-75.5954497
s1511,6.21762,-75.593184
s1512,6.259997,-75.59598
s1513,6.19859,-75.565676
s1514,6.243075,-75.556845
s1515,6.240756,-75.596815
s1516,6.209065,-75.562143
s1517,6.243142,-75.601955
s1518,6.150130663,-75.61608708
s1519,6.198494,-75.565601
s1520,6.208433,-75.585565
s1521,6.249367,-75.596676
s1522,6.213572,-75.596668
s1523,6.341252587,-75.54110128
s1524,6.238704997,-75.54776778
s1525,6.1503213,-75.6157849
s1526,6.248001295,-75.58950388
s1527,6.2066775,-75.5868682
s1528,6.215312,-75.570755
s1529,6.258119,-75.603347
s1530,6.1677776,-75.5957094
s1531,6.257687,-75.603344
s1532,6.217341,-75.598655
s1533,6.147513,-75.616463
s1534,6.244928,-75.589105
s1535,6.33962,-75.55242
s1536,6.2072409,-75.5878455
s1537,6.181731007,-75.58223484
s1538,6.257153,-75.591872
s1539,6.2464236,-75.5931839
s1540,6.248803,-75.562266
s1541,6.150173,-75.615315
s1542,6.16794,-75.596696
s1543,6.16849,-75.612521
s1544,6.168805,-75.5878523
s1545,6.231345,-75.607531
s1546,6.3238476,-75.5578577
s1547,6.198248,-75.565433
s1548,6.256712,-75.598282
s1549,6.256305,-75.602883
s1550,6.206191,-75.582744
s1551,6.198618,-75.562169
s1552,6.149644,-75.618008
s1553,6.150226,-75.622151
s1554,6.169456,-75.588661
s1555,6.150042,-75.620108
s1556,6.34132,-75.541119
s1557,6.250018,-75.589088
s1558,6.247034,-75.593744
s1559,6.231368665,-75.60829817
s1560,6.231782,-75.606141
s1561,6.173812,-75.579515
s1562,6.242647,-75.599732
s1563,6.249652667,-75.59351666
s1564,6.209923,-75.569157
s1565,6.257386,-75.603587
s1566,6.195812,-75.561885
s1567,6.341282,-75.560652
s1568,6.184071,-75.578809
s1569,6.169328666,-75.59076589
s1570,6.165273,-75.580656
s1571,6.160606,-75.595467
s1572,6.245868,-75.60283
s1573,6.1837521,-75.5973951
s1574,6.245867,-75.58885
s1575,6.165765,-75.593491
s1576,6.1490102,-75.6222434
s1577,6.207711,-75.585966
