order_id,store_id,drop_off_lat,drop_off_lng,placement_time,preparation_time,ready_time,expected_drop_off_time
o1,s1,4.8160833,-75.6907677,0:33:24,0:34:38,1:34:38,1:03:24
o2,s2,4.827944,-75.688962,7:18:21,7:18:57,7:28:57,7:48:21
o3,s3,4.8069775,-75.6710727,7:29:37,7:31:08,7:56:08,7:49:37
o4,s4,4.812619647,-75.70663054,7:38:20,7:39:36,8:06:36,8:08:20
o5,s5,4.807021,-75.744866,8:22:01,8:22:52,8:30:52,8:52:01
o6,s6,4.807341274,-75.68193812,8:26:30,8:27:37,8:47:37,8:56:30
o7,s7,4.801639556,-75.70723303,8:34:01,8:34:55,8:50:55,9:04:01
o8,s6,4.815333487,-75.6922549,8:41:58,8:43:03,9:03:03,9:11:58
o9,s4,4.799826145,-75.68472967,8:49:58,8:50:56,9:17:56,9:19:58
o10,s5,4.8110073,-75.762407,8:55:05,8:55:52,9:03:52,9:25:05
o11,s3,4.810344,-75.698357,8:55:25,8:56:25,9:11:25,9:15:25
o12,s7,4.830118,-75.698655,8:57:02,8:57:54,9:09:54,9:27:02
o17,s8,4.8073367,-75.6842799,9:00:41,9:06:32,9:11:32,9:30:41
o18,s4,4.8087064,-75.7101852,9:08:56,9:09:58,9:41:58,9:38:56
o19,s9,4.8152893,-75.6949129,9:19:08,9:19:45,9:29:45,9:49:08
o20,s9,4.802368,-75.688932,9:19:56,9:20:54,9:30:54,9:43:56
o21,s2,4.796303,-75.697404,9:21:54,9:22:28,9:32:28,9:51:54
o22,s10,4.810866,-75.698554,9:27:35,9:28:53,9:43:53,9:49:35
o23,s11,4.8086845,-75.6811789,9:31:50,9:34:45,9:44:45,10:01:50
o24,s12,4.8068739,-75.6822693,9:46:42,9:48:33,10:20:33,10:17:42
o25,s13,4.804202,-75.690282,9:51:52,9:58:49,10:03:49,10:03:52
o26,s2,4.806952,-75.685204,9:53:43,9:54:28,10:04:28,10:23:43
o27,s10,4.814444,-75.692267,9:54:04,9:55:18,10:10:18,10:12:04
o28,s14,4.802937531,-75.6877099,10:04:44,10:06:08,10:35:08,10:37:44
o29,s7,4.807138,-75.690347,10:13:40,10:14:40,10:25:40,10:43:40
o30,s15,4.7933614,-75.6915129,10:15:59,10:16:53,10:21:53,10:32:59
o31,s16,4.7933614,-75.6915129,10:17:21,10:18:22,10:23:22,10:35:21
o32,s17,4.806849,-75.689605,10:42:59,10:44:34,11:29:34,11:27:59
o33,s4,4.803898065,-75.70977241,10:50:08,10:51:30,11:08:30,11:20:08
o34,s18,4.803030077,-75.73423717,10:59:02,10:59:35,11:11:35,11:29:02
o35,s19,4.803086,-75.752143,11:00:18,11:01:40,11:17:40,11:30:18
o36,s3,4.8005972,-75.6907639,11:00:50,11:01:58,11:16:58,11:20:50
o37,s20,4.816938467,-75.68675537,11:03:12,11:04:31,11:17:31,11:33:12
o38,s21,4.799487,-75.69386,11:04:16,11:04:52,11:11:52,11:30:16
o39,s22,4.796611007,-75.70975464,11:09:03,11:10:22,11:34:22,11:39:03
o40,s23,4.808170501,-75.75581286,11:11:39,11:12:12,11:41:12,11:41:39
o41,s24,4.7964761,-75.6903189,11:12:48,11:14:13,11:24:13,11:27:48
o42,s4,4.8072308,-75.6732489,11:15:23,11:16:18,11:38:18,11:45:23
o43,s25,4.826917,-75.676265,11:20:27,11:21:07,11:31:07,11:50:27
o44,s26,4.8168415,-75.7134645,11:20:29,11:21:36,11:31:36,11:50:29
o45,s25,4.8172599,-75.7033208,11:25:16,11:25:50,11:35:50,11:55:16
o46,s4,4.824049,-75.6869319,11:28:19,11:29:17,11:56:17,11:58:19
o47,s21,4.8072436,-75.6895147,11:29:14,11:29:50,11:36:50,11:52:14
o48,s11,4.797460961,-75.69807462,11:29:18,11:30:21,12:20:21,11:59:18
o49,s27,4.812124853,-75.72173204,11:29:33,11:30:30,11:53:30,11:57:33
o50,s28,4.8274414,-75.6879863,11:30:14,11:33:48,11:41:48,12:05:14
o51,s25,4.8005972,-75.6907639,11:32:28,11:33:03,11:43:03,12:02:28
o52,s29,4.8082409,-75.686781,11:34:13,11:37:50,12:37:50,12:04:13
o53,s30,4.829933,-75.664668,11:34:53,11:36:08,11:58:08,12:04:53
o54,s30,4.829888,-75.673195,11:36:48,11:38:10,12:04:10,12:06:48
o55,s13,4.825387,-75.6657846,11:37:00,11:38:36,11:43:36,11:59:00
o56,s31,4.816424,-75.692113,11:37:02,11:38:39,12:13:39,12:07:02
o57,s32,4.803425,-75.684258,11:37:22,11:37:58,12:04:58,12:07:22
o58,s33,4.8100625,-75.7616588,11:37:59,11:39:00,12:05:00,12:07:59
o59,s20,4.8111942,-75.680176,11:39:55,11:41:05,11:53:05,12:09:55
o60,s34,4.8035459,-75.6846589,11:40:30,11:41:38,11:59:38,12:10:30
o61,s35,4.807797316,-75.68218019,11:40:36,11:42:50,11:57:50,12:10:36
o62,s36,4.8282589,-75.6858389,11:43:48,11:45:12,12:04:12,12:08:48
o63,s2,4.8299108,-75.6962645,11:44:21,11:44:58,11:54:58,12:14:21
o64,s37,4.814161489,-75.84092908,11:45:02,11:51:18,11:56:18,12:15:02
o65,s38,4.807213649,-75.71662277,11:45:03,11:45:39,12:06:39,12:15:03
o66,s28,4.806405,-75.6879,11:45:52,11:47:20,11:54:20,12:10:52
o67,s39,4.8263737,-75.6797851,11:45:55,11:46:49,11:58:49,12:15:55
o68,s40,4.795398,-75.691428,11:46:41,11:47:50,12:12:50,12:16:41
o69,s40,4.817474684,-75.69613505,11:47:05,11:47:55,12:08:55,12:17:05
o70,s41,4.831049812,-75.66849484,11:47:12,11:48:12,12:07:12,12:18:12
o71,s38,4.8123783,-75.711662,11:48:26,11:49:04,12:10:04,12:18:26
o72,s42,4.7994402,-75.684041,11:48:50,11:54:57,11:59:57,12:25:50
o73,s43,4.8016802,-75.7452471,11:49:18,11:49:55,12:11:55,12:19:18
o74,s44,4.792334,-75.694931,11:49:21,11:52:45,12:14:45,12:19:21
o75,s45,4.80914673,-75.6743012,11:49:31,11:50:36,12:25:36,12:19:31
o76,s46,4.800386,-75.68877,11:50:46,11:51:54,12:17:54,12:20:46
o77,s47,4.801808,-75.713405,11:52:34,11:54:04,12:09:04,12:22:34
o78,s48,4.8155442,-75.7019214,11:54:44,11:55:49,12:15:49,12:30:44
o80,s49,4.818445,-75.702093,12:00:06,12:01:02,12:21:02,12:26:06
o81,s50,4.8261222,-75.6907557,12:00:12,12:00:45,12:22:45,12:30:12
o82,s51,4.8043222,-75.685326,12:01:20,12:02:30,12:33:30,12:22:20
o83,s17,4.817545512,-75.6967875,12:02:20,12:05:25,12:45:25,12:47:20
o84,s52,4.849891495,-75.65679409,12:05:12,12:05:47,12:30:47,12:46:12
o85,s47,4.8229895,-75.6783628,12:06:31,12:07:34,12:31:34,12:36:31
o86,s53,4.792751231,-75.69552718,12:07:03,12:08:06,12:18:06,12:37:03
o87,s46,4.803512849,-75.68647206,12:07:14,12:08:19,12:23:19,12:37:14
o88,s43,4.7930382,-75.7491162,12:08:22,12:08:57,12:30:57,12:38:22
o89,s38,4.806783,-75.71437,12:10:19,12:10:56,12:33:56,12:40:19
o90,s54,4.798486,-75.754415,12:16:00,12:17:15,12:39:15,13:01:00
o91,s55,4.8075616,-75.6940697,12:16:02,12:16:38,12:41:38,12:46:02
o92,s56,4.80568,-75.68329,12:18:09,12:19:09,12:37:09,12:48:09
o93,s38,4.806783,-75.71437,12:19:27,12:20:03,12:41:03,12:49:27
o94,s57,4.813609901,-75.72123751,12:20:04,12:20:40,12:55:40,12:50:04
o95,s58,4.8462095,-75.6607077,12:21:00,12:22:12,12:47:12,12:51:00
o96,s25,4.827944,-75.688962,12:21:24,12:21:59,12:31:59,12:51:24
o97,s47,4.798107447,-75.68416201,12:22:27,12:24:06,12:44:06,12:52:27
o98,s48,4.7995755,-75.6977227,12:23:12,12:24:07,12:44:07,12:59:12
o99,s47,4.795405566,-75.70670094,12:25:56,12:27:21,12:48:21,12:25:56
o100,s59,4.8059849,-75.6844668,12:26:03,12:26:36,12:36:36,12:56:03
o101,s60,4.792826,-75.714348,12:26:43,12:27:19,12:48:19,12:56:43
o102,s61,4.8155442,-75.7019214,12:27:07,12:28:00,12:57:00,12:57:07
o103,s62,4.828105,-75.6784422,12:27:17,12:28:21,12:59:21,12:53:17
o104,s63,4.818014,-75.6987975,12:27:51,12:28:47,12:53:47,12:57:51
o105,s47,4.803523875,-75.68925451,12:27:55,12:28:51,12:48:51,12:57:55
o106,s57,4.814621,-75.717511,12:28:04,12:28:37,13:03:37,12:58:04
o107,s50,4.8269504,-75.6921219,12:28:29,12:29:04,12:51:04,12:58:29
o108,s31,4.8177446,-75.6691703,12:29:24,12:32:23,12:52:23,12:59:24
o109,s33,4.786093953,-75.72995786,12:32:15,12:33:18,12:54:18,13:02:15
o110,s56,4.8135188,-75.7082516,12:32:21,12:33:12,12:51:12,13:02:21
o111,s18,4.7941906,-75.7472937,12:32:59,12:33:35,12:45:35,13:02:59
o112,s4,4.8124418,-75.7074272,12:33:03,12:34:03,13:01:03,13:03:03
o113,s64,4.83084958,-75.66605341,12:34:36,12:35:43,13:00:43,13:04:36
o114,s53,4.8161446,-75.6983839,12:35:05,12:36:16,12:46:16,13:05:05
o115,s50,4.8232993,-75.6834407,12:35:18,12:35:52,12:57:52,13:05:18
o116,s65,4.804616,-75.68374,12:37:34,12:38:32,13:08:32,13:07:34
o117,s66,4.804661,-75.683401,12:38:43,12:41:59,12:46:59,13:13:43
o118,s22,4.828640939,-75.69150455,12:39:51,12:41:03,13:04:03,13:09:51
o119,s67,4.8364518,-75.6726025,12:40:52,12:41:28,13:01:28,13:10:52
o120,s40,4.7980096,-75.6939765,12:42:40,12:43:43,13:03:43,13:12:40
o121,s68,4.8025066,-75.6971066,12:42:49,12:43:24,13:04:24,13:12:49
o122,s22,4.817824,-75.698809,12:42:56,12:44:15,13:08:15,13:12:56
o123,s25,4.7989254,-75.6657931,12:43:56,12:44:30,12:54:30,13:13:56
o124,s63,4.8155358,-75.7048821,12:47:05,12:48:04,13:11:04,13:17:05
o125,s69,4.821304,-75.6834517,12:47:16,12:48:13,13:28:13,13:13:16
o126,s52,4.8304884,-75.6624125,12:49:01,12:49:38,13:10:38,13:30:01
o127,s64,4.807088,-75.688015,12:50:17,12:51:24,13:16:24,13:20:17
o128,s63,4.8230907,-75.6873854,12:51:30,12:52:25,13:21:25,13:21:30
o129,s40,4.8039275,-75.6950843,12:52:13,12:53:47,13:13:47,13:22:13
o130,s43,4.79459305,-75.74639931,12:52:43,12:53:21,13:15:21,13:22:43
o131,s47,4.799878996,-75.68480038,12:53:02,12:53:56,13:13:56,13:23:02
o132,s70,4.8136607,-75.6890626,12:54:04,12:59:43,13:04:43,13:20:04
o133,s25,4.810198,-75.70858,12:54:05,12:54:38,13:04:38,13:24:05
o134,s55,4.8007771,-75.7105489,12:54:41,12:55:16,13:22:16,13:28:41
o135,s67,4.839703,-75.677386,12:54:54,12:55:28,13:18:28,13:24:54
o136,s68,4.797519763,-75.69842398,12:57:07,12:57:44,13:20:44,13:27:07
o137,s71,4.81571736,-75.67706622,12:57:31,12:58:39,13:13:39,13:27:31
o138,s23,4.810916,-75.786575,12:57:43,12:58:18,13:23:18,13:27:43
o139,s72,4.807548,-75.6776026,12:57:52,12:59:17,13:29:17,13:28:52
o140,s54,4.799314,-75.751074,12:58:27,12:59:07,13:21:07,13:41:27
o146,s73,4.804552,-75.687985,13:00:05,13:01:16,13:20:16,13:30:05
o147,s74,4.800558409,-75.69139592,13:00:54,13:02:09,13:31:09,13:30:54
o148,s75,4.8307597,-75.6698209,13:01:04,13:01:40,13:34:40,13:31:04
o149,s43,4.7989894,-75.7387843,13:01:09,13:01:42,13:23:42,13:31:09
o150,s76,4.8089752,-75.7650927,13:01:15,13:03:01,13:38:01,13:31:15
o151,s13,4.818223,-75.696352,13:01:39,13:03:01,13:08:01,13:15:39
o152,s47,4.814384,-75.692541,13:04:35,13:07:21,13:23:21,13:34:35
o153,s77,4.817824,-75.698809,13:04:58,13:06:02,13:36:02,13:33:58
o154,s75,4.8261222,-75.6907557,13:05:46,13:06:23,13:34:23,13:35:46
o155,s68,4.8056432,-75.6866564,13:05:46,13:06:23,13:29:23,13:35:46
o156,s78,4.802078229,-75.68857055,13:06:43,13:09:13,13:29:13,13:27:43
o157,s32,4.8073148,-75.6810277,13:06:47,13:07:20,13:34:20,13:36:47
o158,s47,4.796525,-75.6908962,13:07:08,13:08:07,13:24:07,13:37:08
o159,s79,4.808717,-75.744596,13:07:21,13:07:55,13:36:55,13:37:21
o160,s21,4.809366,-75.7061102,13:08:07,13:08:43,13:15:43,13:34:07
o161,s80,4.8085765,-75.6858554,13:08:10,13:09:23,13:32:23,13:38:10
o162,s41,4.8350942,-75.6731374,13:08:12,13:09:11,13:28:11,13:39:12
o163,s52,4.804222474,-75.68424851,13:09:15,13:09:53,13:30:53,13:34:15
o164,s81,4.797107148,-75.6965176,13:09:26,13:10:42,13:41:42,13:39:26
o165,s25,4.8230907,-75.6873854,13:09:50,13:10:28,13:20:28,13:39:50
o166,s4,4.8170266,-75.6920002,13:09:50,13:11:26,13:33:26,13:39:50
o167,s82,4.824121,-75.6799297,13:10:10,13:11:06,13:36:06,13:40:10
o168,s25,4.8069063,-75.6886842,13:10:21,13:10:57,13:20:57,13:40:21
o169,s83,4.830597,-75.6669858,13:11:21,13:16:12,13:39:12,13:41:21
o170,s80,4.808969325,-75.68776522,13:12:13,13:13:13,13:36:13,13:42:13
o171,s26,4.797107148,-75.6965176,13:12:24,13:13:17,13:23:17,13:42:24
o172,s68,4.8042359,-75.6881378,13:12:27,13:13:00,13:36:00,13:42:27
o173,s47,4.8239766,-75.6818746,13:12:36,13:13:42,13:28:42,13:42:36
o174,s45,4.805233455,-75.68918008,13:14:49,13:15:35,13:48:35,13:44:49
o175,s60,4.802113056,-75.71005249,13:15:34,13:16:12,13:37:12,13:45:34
o176,s57,4.8124653,-75.6996194,13:16:09,13:16:44,13:51:44,13:46:09
o177,s46,4.824939,-75.68581,13:16:18,13:17:28,13:32:28,13:46:18
o178,s25,4.814611,-75.717625,13:16:42,13:17:14,13:27:14,13:46:42
o179,s84,4.792751231,-75.69552718,13:17:33,13:18:50,13:42:50,13:54:33
o180,s75,4.804406228,-75.68834357,13:18:22,13:18:58,13:48:58,13:48:22
o181,s81,4.8080795,-75.677718,13:19:23,13:20:36,13:55:36,13:49:23
o182,s4,4.8053945,-75.6879274,13:19:32,13:20:17,13:42:17,13:49:32
o183,s85,4.795645,-75.69158,13:19:47,13:21:04,13:26:04,13:49:47
o184,s57,4.8366553,-75.6649483,13:20:41,13:21:15,13:56:15,13:50:41
o185,s47,4.8076326,-75.6876019,13:20:47,13:22:30,13:40:30,13:50:47
o186,s11,4.817824,-75.698809,13:21:40,13:23:20,13:58:20,13:51:40
o187,s74,4.80801,-75.671176,13:23:01,13:24:11,13:55:11,13:50:01
o188,s86,4.821661,-75.732011,13:25:28,13:26:03,13:47:03,13:55:28
o189,s67,4.827768,-75.6702447,13:26:19,13:26:55,13:46:55,13:56:19
o190,s87,4.798583,-75.754697,13:26:34,13:27:51,14:00:51,13:56:34
o191,s88,4.8068841,-75.7139793,13:26:46,13:27:37,13:45:37,14:06:46
o192,s40,4.8175023,-75.7084275,13:27:03,13:28:17,13:49:17,13:57:03
o193,s22,4.808204,-75.692395,13:27:50,13:29:42,14:00:42,13:57:50
o194,s21,4.8271285,-75.6889021,13:27:51,13:28:28,13:35:28,13:57:51
o195,s25,4.805981165,-75.69275547,13:28:29,13:29:05,13:39:05,13:58:29
o196,s89,4.8138443,-75.7168463,13:28:36,13:30:20,13:35:20,13:58:36
o197,s56,4.803059,-75.688979,13:29:42,13:31:08,13:49:08,13:59:42
o198,s63,4.796978519,-75.69354471,13:30:42,13:31:39,13:59:39,14:00:42
o199,s21,4.814712409,-75.70211504,13:30:42,13:31:17,13:38:17,13:56:42
o200,s18,4.7888587,-75.7375623,13:31:01,13:31:40,13:43:40,14:01:01
o201,s77,4.81532,-75.6926456,13:31:15,13:32:13,14:02:13,14:00:15
o202,s90,4.8155379,-75.7175139,13:31:23,13:32:29,13:50:29,14:02:23
o203,s83,4.827774653,-75.66994529,13:33:03,13:34:07,13:47:07,14:03:03
o204,s55,4.8053247,-75.7153554,13:33:22,13:33:59,14:00:59,14:07:22
o205,s40,4.798715845,-75.69336299,13:33:39,13:35:12,13:56:12,14:03:39
o206,s47,4.8240074,-75.6793312,13:34:07,13:35:36,13:50:36,14:04:07
o207,s77,4.8266892,-75.6814062,13:35:34,13:36:44,14:01:44,14:18:34
o208,s43,4.7978338,-75.74459,13:38:03,13:38:37,14:00:37,14:08:03
o209,s56,4.7957048,-75.6915096,13:38:09,13:39:12,13:57:12,14:08:09
o210,s33,4.7928256,-75.7143479,13:38:14,13:39:13,14:06:13,14:08:14
o211,s27,4.8028777,-75.7550608,13:39:52,13:40:49,14:04:49,14:07:52
o212,s57,4.812198688,-75.67863666,13:41:08,13:41:44,14:16:44,14:11:08
o213,s56,4.812352,-75.712169,13:42:08,13:43:08,14:01:08,14:12:08
o214,s4,4.817008,-75.692008,13:42:40,13:44:02,14:01:02,14:12:40
o215,s55,4.8136254,-75.7064,13:43:06,13:43:42,14:12:42,14:17:06
o216,s91,4.798348749,-75.76061009,13:43:15,13:43:50,14:15:50,14:11:15
o217,s27,4.801601,-75.720134,13:45:15,13:46:11,14:10:11,14:21:15
o218,s55,4.807038248,-75.72230637,13:45:26,13:45:59,14:10:59,14:19:26
o219,s39,4.819100707,-75.70665501,13:46:18,13:47:18,13:57:18,14:16:18
o220,s47,4.824049,-75.6869319,13:48:01,13:51:56,14:06:56,14:18:01
o221,s23,4.806655004,-75.79720383,13:48:27,13:49:03,14:19:03,14:18:27
o222,s92,4.8318256,-75.6805678,13:48:42,13:50:06,13:55:06,14:18:42
o223,s47,4.8282589,-75.6858389,13:50:14,13:51:42,14:07:42,14:20:14
o224,s93,4.797651465,-75.73459332,13:50:17,13:51:08,14:01:08,14:20:17
o225,s46,4.8073148,-75.6810277,13:51:43,13:52:58,14:07:58,14:21:43
o226,s94,4.804629,-75.684262,13:51:49,13:57:21,14:02:21,14:10:49
o227,s68,4.800474884,-75.69057249,13:53:18,13:53:54,14:16:54,14:23:18
o228,s84,4.80699,-75.68235,13:53:44,13:54:55,14:18:55,14:26:44
o229,s23,4.8110073,-75.762407,13:53:46,13:54:23,14:26:23,14:23:46
o230,s50,4.82695,-75.692122,13:54:46,13:55:19,14:17:19,14:24:46
o231,s51,4.8318256,-75.6805678,13:56:27,13:57:26,14:18:26,14:36:27
o232,s95,4.807419452,-75.68269383,13:56:43,13:58:14,14:54:14,14:20:43
o233,s96,4.801785567,-75.74873336,13:59:08,14:00:05,14:25:05,14:29:08
o234,s81,4.8271285,-75.6889021,14:00:11,14:01:23,14:32:23,14:30:11
o235,s40,4.818702063,-75.69603897,14:00:18,14:01:42,14:23:42,14:30:18
o236,s84,4.788976067,-75.70912063,14:00:55,14:02:10,14:41:10,14:51:55
o237,s97,4.8155379,-75.7175139,14:01:19,14:02:03,14:12:03,14:37:19
o238,s76,4.809823,-75.774157,14:03:22,14:05:14,14:45:14,14:33:22
o239,s21,4.8129399,-75.7137196,14:03:45,14:04:18,14:11:18,14:33:45
o240,s22,4.788976067,-75.70912063,14:03:46,14:05:09,14:29:09,14:03:46
o241,s98,4.784872235,-75.7248082,14:05:08,14:08:17,14:33:17,14:35:08
o242,s50,4.82695,-75.692122,14:05:53,14:06:25,14:28:25,14:35:53
o243,s55,4.8070338,-75.7136158,14:05:59,14:06:33,14:35:33,14:39:59
o244,s57,4.808309819,-75.67942556,14:07:36,14:08:15,14:43:15,14:37:36
o245,s21,4.8389233,-75.6713182,14:08:45,14:09:21,14:16:21,14:38:45
o246,s25,4.80261713,-75.688993,14:11:58,14:12:32,14:22:32,14:41:58
o247,s99,4.803056,-75.688235,14:12:22,14:13:43,14:28:43,14:42:22
o248,s27,4.808628,-75.754881,14:13:17,14:14:12,14:32:12,14:41:17
o249,s100,4.8001653,-75.7506379,14:13:30,14:14:35,14:29:35,14:43:30
o250,s43,4.7938657,-75.7464441,14:16:40,14:17:17,14:39:17,14:46:40
o251,s4,4.8085518,-75.6790602,14:16:58,14:17:58,14:44:58,14:46:58
o252,s57,4.7964102,-75.6922217,14:17:48,14:18:23,14:53:23,14:47:48
o253,s46,4.821336,-75.677819,14:18:00,14:19:26,14:47:26,14:48:00
o254,s11,4.8042017,-75.6902819,14:18:20,14:20:48,14:40:48,14:48:20
o255,s101,4.811946113,-75.71083087,14:19:55,14:21:32,14:46:32,14:56:55
o256,s102,4.8028777,-75.7550608,14:20:19,14:23:48,14:28:48,14:50:19
o257,s57,4.7953467,-75.694475,14:24:10,14:24:47,14:59:47,14:54:10
o258,s65,4.805393774,-75.68744278,14:24:42,14:25:55,14:55:55,14:54:42
o259,s3,4.802673,-75.706151,14:27:12,14:28:49,15:13:49,14:47:12
o260,s103,4.8028777,-75.7550608,14:27:43,14:28:17,14:53:17,14:57:43
o261,s104,4.787157277,-75.69363082,14:28:58,14:30:26,14:35:26,14:58:58
o262,s25,4.8090993,-75.6909478,14:29:37,14:30:14,14:40:14,14:59:37
o263,s65,4.802148389,-75.689166,14:30:36,14:31:33,15:01:33,15:00:36
o264,s105,4.8133875,-75.6994577,14:33:50,14:35:03,14:45:03,15:03:50
o265,s74,4.8051199,-75.6817586,14:35:34,14:36:49,15:10:49,15:02:34
o266,s13,4.8297036,-75.6740909,14:36:50,14:37:55,14:47:55,14:58:50
o267,s106,4.821486446,-75.67393273,14:37:30,14:38:31,14:43:31,15:07:30
o268,s25,4.82351704,-75.72443705,14:39:06,14:39:42,14:49:42,15:09:06
o269,s57,4.831660557,-75.66892978,14:39:33,14:40:10,15:15:10,15:09:33
o270,s107,4.8087064,-75.7101852,14:42:23,14:43:22,15:02:22,15:18:23
o271,s65,4.810313725,-75.67644496,14:43:21,14:44:42,15:14:42,15:13:21
o272,s108,4.819748,-75.697295,14:44:04,14:46:09,14:56:09,15:14:04
o273,s7,4.8178243,-75.6988093,14:45:27,14:46:15,15:01:15,15:15:27
o274,s22,4.819166,-75.7077675,14:47:34,14:48:41,15:11:41,15:17:34
o275,s109,4.812794,-75.660069,14:48:06,14:49:47,15:27:47,15:26:06
o276,s49,4.807555,-75.682566,14:48:37,14:49:43,15:09:43,15:13:37
o277,s84,4.810585679,-75.66280056,14:49:25,14:50:27,15:34:27,15:40:25
o278,s110,4.808232,-75.690397,14:49:28,14:50:58,15:11:58,15:19:28
o279,s111,4.797527,-75.752747,14:50:24,14:51:46,15:23:46,15:21:24
o280,s112,4.800428445,-75.74161794,14:52:11,14:53:47,15:13:47,15:22:11
o281,s54,4.7862875,-75.7303151,14:59:30,15:01:09,15:23:09,15:44:30
o285,s52,4.8056421,-75.6963372,15:00:25,15:01:03,15:22:03,15:30:25
o286,s48,4.784179629,-75.69669228,15:00:43,15:01:51,15:21:51,15:36:43
o287,s57,4.830981543,-75.66985376,15:00:50,15:01:25,15:36:25,15:30:50
o288,s113,4.814551,-75.6917898,15:02:04,15:03:12,15:33:12,15:24:04
o289,s46,4.8121702,-75.6854821,15:03:16,15:04:38,15:19:38,15:33:16
o290,s114,4.8015604,-75.6916824,15:03:32,15:05:50,15:20:50,15:33:32
o291,s99,4.818436,-75.697856,15:04:39,15:05:35,15:25:35,15:34:39
o292,s54,4.7986897,-75.7282706,15:04:40,15:06:10,15:28:10,15:49:40
o293,s47,4.8009292,-75.6850308,15:06:29,15:07:41,15:28:41,15:36:29
o294,s100,4.7927524,-75.7492398,15:07:14,15:08:27,15:13:27,15:37:14
o295,s57,4.830113509,-75.66811861,15:07:15,15:07:53,15:42:53,15:37:15
o296,s55,4.796239,-75.696649,15:08:01,15:08:36,15:33:36,15:42:01
o297,s9,4.7983455,-75.6907166,15:10:26,15:11:05,15:21:05,15:39:26
o298,s59,4.796367,-75.696804,15:10:59,15:11:38,15:21:38,15:40:59
o299,s11,4.807369,-75.686964,15:11:33,15:13:11,15:43:11,15:41:33
o300,s45,4.815864689,-75.69229103,15:14:13,15:16:02,16:04:02,15:44:13
o301,s43,4.7953247,-75.7415669,15:15:09,15:15:45,15:37:45,15:45:09
o302,s90,4.81521288,-75.71901832,15:16:11,15:17:39,15:39:39,15:47:11
o303,s21,4.830641445,-75.689741,15:17:12,15:17:47,15:24:47,15:47:12
o304,s11,4.8034773,-75.7076119,15:24:15,15:25:40,15:45:40,15:54:15
o305,s74,4.8045291,-75.6882009,15:24:23,15:26:30,15:48:30,15:54:23
o306,s59,4.830797672,-75.68695831,15:24:55,15:25:33,15:35:33,15:54:55
o307,s115,4.796649762,-75.7516655,15:25:33,15:26:56,15:42:56,15:55:33
o308,s116,4.8069122,-75.7337825,15:25:49,15:26:48,15:31:48,15:55:49
o309,s64,4.824049,-75.6869319,15:25:53,15:27:04,15:50:04,15:55:53
o310,s55,4.824049,-75.6869319,15:25:53,15:26:33,15:47:33,15:59:53
o311,s17,4.812222726,-75.71250655,15:26:34,15:32:52,16:17:52,16:11:34
o312,s113,4.810048,-75.7130264,15:29:45,15:31:22,15:36:22,16:06:45
o313,s3,4.798845,-75.691859,15:31:07,15:33:05,15:43:05,15:51:07
o314,s7,4.8144305,-75.7072557,15:31:11,15:32:18,15:44:18,16:01:11
o315,s117,4.8155783,-75.7267681,15:32:23,15:33:55,15:38:55,15:52:23
o316,s59,4.810638466,-75.70936102,15:34:16,15:34:57,15:44:57,16:04:16
o317,s118,4.796051052,-75.73841337,15:35:15,15:36:23,15:57:23,16:05:15
o318,s40,4.8345548,-75.682646,15:35:45,15:36:55,15:56:55,16:05:45
o319,s119,4.793789176,-75.69232866,15:36:10,15:41:54,15:46:54,16:06:10
o320,s120,4.8135644,-75.7019496,15:37:16,15:38:31,15:47:31,16:00:16
o321,s115,4.809517,-75.755092,15:39:03,15:40:10,15:59:10,16:09:03
o322,s100,4.8016006,-75.7201343,15:40:24,15:41:14,15:46:14,16:10:24
o323,s121,4.80407,-75.82483,15:40:31,15:41:58,16:38:58,16:22:31
o324,s122,4.803425,-75.684258,15:41:07,15:41:58,15:49:58,16:11:07
o325,s35,4.83766,-75.691701,15:41:10,15:45:15,15:50:15,16:18:10
o326,s123,4.8124418,-75.7074272,15:41:24,15:42:29,16:09:29,16:06:24
o327,s115,4.7981747,-75.7240586,15:41:30,15:42:47,16:07:47,16:11:30
o328,s124,4.8171939,-75.6929226,15:42:39,15:43:51,16:06:51,16:14:39
o329,s113,4.803425,-75.684258,15:43:09,15:44:21,15:49:21,16:05:09
o330,s13,4.812463,-75.70896,15:43:36,15:44:43,15:49:43,16:01:36
o331,s45,4.829730059,-75.67284409,15:44:10,15:45:23,16:29:23,16:14:10
o332,s125,4.798845,-75.691859,15:45:27,15:46:26,16:18:26,16:03:27
o333,s126,4.83766,-75.691701,15:46:41,15:55:48,16:00:48,16:21:41
o334,s60,4.793262295,-75.70939153,15:48:59,15:49:31,16:08:31,16:18:59
o335,s102,4.787649332,-75.72599005,15:49:33,15:52:19,15:57:19,16:19:33
o336,s21,4.800758535,-75.70698157,15:51:40,15:52:17,15:59:17,16:21:40
o337,s127,4.827944,-75.688962,15:51:58,15:52:33,16:14:33,16:21:58
o338,s121,4.824611291,-75.83447328,15:53:41,15:55:00,16:55:00,16:35:41
o339,s61,4.8144008,-75.695962,15:54:39,15:55:36,16:04:36,16:24:39
o340,s100,4.789570106,-75.72831988,15:55:45,15:57:20,16:02:20,16:25:45
o341,s84,4.825873,-75.726923,15:56:39,15:57:47,16:31:47,16:47:39
o342,s128,4.8130391,-75.7137659,15:57:31,15:58:34,16:08:34,16:15:31
o343,s81,4.805162626,-75.68349279,15:59:01,16:00:47,16:27:47,16:29:01
o344,s129,4.818735559,-75.69630537,16:01:04,16:02:02,16:12:02,16:31:04
o345,s25,4.792291,-75.694773,16:02:01,16:02:35,16:12:35,16:32:01
o346,s36,4.813848972,-75.70560455,16:03:52,16:05:09,16:29:09,16:28:52
o347,s52,4.787154507,-75.68203103,16:06:31,16:07:07,16:30:07,16:46:31
o348,s108,4.813848972,-75.70560455,16:06:47,16:11:51,16:21:51,16:36:47
o349,s99,4.8150663,-75.7144906,16:08:03,16:09:11,16:29:11,16:38:03
o350,s9,4.808922,-75.678204,16:08:32,16:09:18,16:19:18,16:32:32
o351,s74,4.806754597,-75.68642809,16:09:30,16:10:47,16:38:47,16:36:30
o352,s60,4.800346537,-75.70868988,16:10:41,16:11:18,16:32:18,16:40:41
o353,s59,4.8180736,-75.6763781,16:11:52,16:12:31,16:22:31,16:41:52
o354,s21,4.8163288,-75.6906391,16:15:14,16:15:52,16:22:52,16:40:14
o355,s81,4.832116,-75.671116,16:25:40,16:26:58,16:55:58,16:55:40
o356,s13,4.8384487,-75.6706822,16:27:40,16:28:59,16:33:59,16:49:40
o357,s87,4.797579233,-75.74848942,16:28:05,16:29:15,16:58:15,16:58:05
o358,s9,4.8076582,-75.6888826,16:31:03,16:32:00,16:42:00,16:55:03
o359,s81,4.7933614,-75.6915129,16:31:07,16:32:52,16:59:52,17:01:07
o360,s13,4.824049,-75.6869319,16:31:35,16:32:46,16:37:46,16:49:35
o361,s54,4.827670418,-75.73422242,16:33:17,16:34:10,16:56:10,17:23:17
o362,s130,4.817824,-75.698809,16:33:24,16:34:37,16:49:37,17:00:24
o363,s21,4.8266401,-75.6755808,16:33:33,16:34:09,16:41:09,17:03:33
o365,s126,4.828840178,-75.68923195,16:34:24,16:40:12,16:45:12,17:09:24
o364,s104,4.81776668,-75.69011483,16:34:24,16:35:45,16:40:45,17:04:24
o366,s65,4.828136,-75.66928,16:34:46,16:35:40,16:54:40,17:04:46
o367,s21,4.82299757,-75.68657684,16:39:13,16:39:47,16:46:47,17:05:13
o368,s65,4.821775099,-75.67849249,16:40:10,16:41:01,17:11:01,17:10:10
o369,s27,4.786407792,-75.72435491,16:41:09,16:42:06,17:04:06,17:17:09
o370,s131,4.811382,-75.7966,16:41:46,16:42:50,17:17:50,17:23:46
o371,s30,4.829964588,-75.66314556,16:43:18,16:44:08,17:06:08,17:13:18
o372,s21,4.808891,-75.709187,16:46:31,16:47:08,16:54:08,17:12:31
o373,s88,4.7993746,-75.6970705,16:47:26,16:53:50,16:58:50,17:25:26
o374,s59,4.82789,-75.679468,16:48:45,16:49:23,16:59:23,17:18:45
o375,s118,4.823520047,-75.7255448,16:49:14,16:50:53,17:05:53,17:19:14
o376,s21,4.8269504,-75.6921219,16:50:30,16:51:09,16:58:09,17:20:30
o377,s132,4.823786,-75.669261,16:51:04,16:52:31,17:06:31,17:21:04
o379,s122,4.8203671,-75.6713469,16:57:58,16:58:53,17:05:53,17:27:58
o378,s21,4.8203671,-75.6713469,16:57:58,16:58:40,17:05:40,17:27:58
o380,s57,4.8076285,-75.6978309,16:58:32,16:59:08,17:34:08,17:28:32
o381,s67,4.8286045,-75.6704807,16:59:23,16:59:58,17:22:58,17:29:23
o382,s45,4.803182,-75.684809,17:02:35,17:03:45,17:36:45,17:32:35
o383,s59,4.8186717,-75.7020185,17:02:45,17:03:21,17:13:21,17:32:45
o384,s73,4.802937531,-75.6877099,17:03:23,17:04:14,17:28:14,17:33:23
o385,s25,4.8124418,-75.7074272,17:04:04,17:04:36,17:14:36,17:34:04
o386,s40,4.8125171,-75.7121157,17:04:08,17:05:51,17:21:51,17:34:08
o387,s133,4.8385761,-75.6700876,17:05:29,17:06:44,17:18:44,17:46:29
o388,s57,4.812997841,-75.70236616,17:10:55,17:11:29,17:46:29,17:40:55
o389,s25,4.8357819,-75.6738554,17:15:23,17:16:02,17:26:02,17:45:23
o390,s42,4.8005972,-75.6907639,17:16:14,17:17:26,17:51:26,17:49:14
o391,s84,4.8042916,-75.6981442,17:17:03,17:18:01,17:47:01,17:54:03
o392,s64,4.801425,-75.684821,17:17:35,17:18:43,17:41:43,17:47:35
o393,s47,4.8177446,-75.6691703,17:19:31,17:20:47,17:37:47,17:49:31
o394,s21,4.81521288,-75.71901832,17:20:58,17:21:34,17:28:34,17:50:58
o395,s104,4.8192506,-75.7042427,17:24:37,17:26:00,17:31:00,17:54:37
o396,s56,4.803248911,-75.69658365,17:26:12,17:27:08,17:45:08,17:56:12
o397,s115,4.8112697,-75.7535782,17:26:30,17:27:51,17:42:51,17:56:30
o398,s43,4.796271559,-75.74770924,17:28:02,17:28:37,17:50:37,17:58:02
o399,s65,4.807555,-75.682566,17:31:16,17:32:05,17:52:05,18:01:16
o400,s43,4.791216133,-75.7301253,17:31:59,17:32:38,17:54:38,18:01:59
o401,s134,4.8074405,-75.74498344,17:32:09,17:33:19,17:43:19,18:02:09
o402,s119,4.796033,-75.691638,17:33:14,17:34:58,17:54:58,18:03:14
o403,s22,4.8066955,-75.6905498,17:37:00,17:38:45,17:55:45,18:07:00
o404,s124,4.8279439,-75.6889626,17:38:15,17:39:19,18:02:19,18:10:15
o405,s101,4.8143547,-75.6997366,17:38:16,17:39:55,17:59:55,18:13:16
o406,s38,4.806123,-75.696497,17:38:22,17:38:57,17:59:57,18:08:22
o407,s47,4.7985057,-75.6895189,17:38:27,17:39:30,18:00:30,18:08:27
o408,s135,4.810879036,-75.73834024,17:39:40,17:40:56,18:05:56,18:09:40
o409,s101,4.807418,-75.715864,17:39:53,17:40:58,18:05:58,18:16:53
o410,s136,4.8003379,-75.6897148,17:40:50,17:42:04,18:32:04,18:17:50
o411,s75,4.7953119,-75.6932958,17:43:37,17:44:15,18:13:15,18:13:37
o412,s134,4.806636664,-75.74180804,17:45:00,17:46:19,17:56:19,18:15:00
o413,s27,4.8045328,-75.747886,17:45:47,17:46:44,18:09:44,18:13:47
o414,s137,4.805731594,-75.80562416,17:46:16,17:46:50,18:08:50,18:16:16
o415,s40,4.8139062,-75.6933219,17:46:20,17:47:25,18:06:25,18:16:20
o416,s118,4.7883369,-75.7090972,17:47:20,17:48:39,18:08:39,18:17:20
o417,s138,4.801845,-75.68743,17:48:42,17:49:17,18:26:17,18:20:42
o418,s119,4.8279439,-75.6889626,17:49:37,17:50:58,18:11:58,18:19:37
o419,s63,4.792269822,-75.69492336,17:50:06,17:51:05,18:15:05,18:20:06
o420,s104,4.823530069,-75.6793974,17:50:58,17:51:52,17:56:52,18:20:58
o421,s18,4.7981699,-75.723169,17:52:03,17:52:37,18:04:37,18:22:03
o422,s139,4.8063424,-75.6886697,17:52:20,17:54:10,18:08:10,18:10:20
o423,s63,4.8413233,-75.6696754,17:52:42,17:53:40,18:21:40,18:22:42
o426,s47,4.805249,-75.683372,17:52:48,17:53:55,18:14:55,18:22:48
o424,s62,4.805249,-75.683372,17:52:48,17:54:06,18:19:06,18:14:48
o425,s140,4.805249,-75.683372,17:52:48,17:53:45,18:03:45,18:22:48
o427,s110,4.792698,-75.6944411,17:52:53,17:53:42,18:23:42,18:22:53
o428,s141,4.8131375,-75.7028733,17:54:00,17:55:04,18:17:04,18:24:00
o429,s64,4.796642,-75.692021,17:58:11,17:59:17,18:25:17,18:28:11
o430,s142,4.8302815,-75.6901239,18:00:06,18:01:39,18:21:39,18:30:06
o431,s59,4.8221072,-75.6812632,18:05:29,18:06:06,18:16:06,18:35:29
o432,s143,4.816938467,-75.68675537,18:06:09,18:12:37,18:17:37,18:36:09
o433,s87,4.798937,-75.751103,18:06:18,18:07:22,18:36:22,18:36:18
o434,s4,4.796033,-75.691638,18:09:36,18:10:42,18:32:42,18:39:36
o435,s87,4.7941906,-75.7472937,18:10:58,18:12:29,18:41:29,18:40:58
o436,s144,4.8160311,-75.6983958,18:11:30,18:12:45,18:33:45,18:44:30
o437,s18,4.8032557,-75.7438571,18:11:48,18:12:25,18:24:25,18:41:48
o438,s42,4.8172376,-75.6934571,18:11:53,18:13:05,18:42:05,18:48:53
o439,s81,4.802737072,-75.70519857,18:12:16,18:13:23,18:39:23,18:42:16
o440,s63,4.8160311,-75.6983958,18:13:29,18:14:23,18:42:23,18:43:29
o441,s64,4.8073367,-75.6842799,18:13:30,18:14:39,18:40:39,18:43:30
o442,s57,4.8043699,-75.7178866,18:13:41,18:14:16,18:49:16,18:43:41
o443,s145,4.811394188,-75.70572529,18:15:08,18:16:03,18:56:03,18:45:08
o444,s69,4.8063138,-75.6940606,18:15:32,18:17:52,18:37:52,18:39:32
o445,s52,4.826877,-75.674259,18:18:41,18:19:18,18:40:18,18:56:41
o446,s106,4.854736578,-75.66321731,18:18:57,18:19:57,18:24:57,18:48:57
o447,s68,4.7992636,-75.6926899,18:19:36,18:20:12,18:41:12,18:49:36
o448,s46,4.830545,-75.675408,18:19:48,18:21:17,18:36:17,18:49:48
o449,s124,4.811618032,-75.67802411,18:20:20,18:21:21,18:49:21,18:52:20
o450,s101,4.8168943,-75.6931742,18:20:35,18:21:49,18:46:49,18:54:35
o451,s75,4.818271493,-75.67480445,18:21:03,18:21:42,18:53:42,18:51:03
o452,s40,4.8274414,-75.6879863,18:21:52,18:22:44,18:38:44,18:51:52
o453,s146,4.8043699,-75.7178866,18:22:55,18:24:23,18:59:23,18:52:55
o454,s137,4.809392,-75.8418561,18:23:45,18:24:20,18:46:20,18:53:45
o455,s87,4.7933202,-75.7474999,18:24:03,18:25:15,18:54:15,18:54:03
o456,s99,4.8007375,-75.6920289,18:25:00,18:26:17,18:46:17,18:55:00
o457,s64,4.8088658,-75.6872489,18:25:32,18:26:39,18:52:39,18:55:32
o458,s147,4.8269977,-75.6766945,18:26:28,18:27:36,18:46:36,18:57:28
o459,s42,4.7943669,-75.6947722,18:26:28,18:27:25,19:08:25,19:03:28
o460,s63,4.8151586,-75.6746656,18:26:31,18:27:30,18:51:30,18:56:31
o461,s73,4.8129399,-75.7137196,18:28:54,18:29:59,18:52:59,18:58:54
o462,s87,4.806722861,-75.74759558,18:30:13,18:31:17,19:00:17,19:00:13
o463,s138,4.8009292,-75.6850308,18:30:14,18:30:49,19:07:49,19:02:14
o464,s148,4.8308106,-75.6852668,18:30:35,18:31:37,18:45:37,19:04:35
o465,s133,4.823545,-75.675234,18:30:58,18:32:14,18:44:14,19:04:58
o466,s90,4.805699,-75.714981,18:31:14,18:32:32,18:53:32,19:01:14
o467,s95,4.806342,-75.68867,18:31:55,18:33:12,19:26:12,18:55:55
o468,s109,4.849140492,-75.65506004,18:32:19,18:33:29,19:05:29,19:10:19
o469,s56,4.816938877,-75.70949554,18:32:36,18:34:09,18:52:09,19:02:36
o470,s42,4.79238,-75.693949,18:33:43,18:34:49,19:08:49,19:10:43
o471,s95,4.7993,-75.694077,18:34:16,18:35:44,19:33:44,18:58:16
o472,s65,4.8009292,-75.6850308,18:34:17,18:35:02,19:10:02,19:04:17
o473,s75,4.804173,-75.686629,18:34:33,18:35:08,19:08:08,19:04:33
o474,s110,4.802178846,-75.70705988,18:35:44,18:36:39,19:06:39,19:05:44
o475,s81,4.826378064,-75.6915129,18:38:14,18:39:02,19:11:02,19:08:14
o476,s149,4.7994459,-75.688873,18:38:48,18:39:55,18:54:55,19:06:48
o477,s150,4.8041625,-75.6876671,18:38:52,18:40:28,19:15:28,19:08:52
o478,s151,4.82465127,-75.67795001,18:40:01,18:41:08,19:02:08,19:10:01
o479,s152,4.8221072,-75.6812632,18:42:16,18:42:53,19:02:53,19:12:16
o480,s121,4.809392,-75.8418561,18:43:24,18:44:26,19:31:26,19:25:24
o481,s42,4.8056871,-75.6956622,18:43:32,18:44:42,19:23:42,19:16:32
o482,s153,4.823363359,-75.73086966,18:43:41,18:45:30,19:10:30,19:13:41
o483,s87,4.81116834,-75.73808815,18:43:45,18:44:46,19:13:46,19:13:45
o484,s118,4.8124538,-75.7118161,18:44:37,18:46:13,19:06:13,19:14:37
o485,s99,4.811732,-75.711008,18:44:59,18:46:09,19:06:09,19:14:59
o486,s73,4.808112,-75.67944,18:46:13,18:47:38,19:09:38,19:16:13
o487,s1,4.7952561,-75.7127142,18:47:10,18:48:35,19:37:35,19:17:10
o488,s138,4.820781,-75.680874,18:47:33,18:48:11,19:26:11,19:19:33
o489,s76,4.82248671,-75.79884086,18:49:23,18:50:39,19:30:39,19:19:23
o490,s52,4.8253312,-75.6963318,18:49:33,18:50:10,19:11:10,19:27:33
o491,s91,4.805762522,-75.74641911,18:50:50,18:51:28,19:20:28,19:18:50
o492,s21,4.8083797,-75.743517,18:52:21,18:52:59,18:59:59,19:17:21
o493,s154,4.8528877,-75.6631449,18:52:55,18:54:37,19:27:37,19:22:55
o494,s114,4.806849,-75.689605,18:53:00,18:54:49,19:09:49,19:23:00
o495,s155,4.7951283,-75.7410765,18:53:14,18:54:09,19:34:09,19:23:14
o496,s156,4.804239179,-75.71654633,18:53:17,18:54:57,19:05:57,19:22:17
o497,s124,4.8281353,-75.6804047,18:53:26,18:54:15,19:32:15,19:25:26
o498,s118,4.80142473,-75.68482082,18:53:31,18:55:15,19:18:15,19:23:31
o499,s42,4.811393,-75.70909,18:53:59,18:54:49,19:23:49,19:30:59
o500,s157,4.8119709,-75.7343694,18:54:04,18:55:11,19:07:11,19:12:04
o501,s158,4.8095058,-75.6798478,18:54:14,18:55:30,19:38:30,19:27:14
o502,s45,4.826378,-75.68123,18:54:15,18:55:13,19:35:13,19:24:15
o503,s52,4.8106662,-75.7391933,18:54:54,18:55:32,19:16:32,19:35:54
o504,s124,4.8482502,-75.6589062,18:55:08,18:56:14,19:24:14,19:27:08
o505,s159,4.806911,-75.688634,18:55:40,18:57:03,19:03:03,19:14:40
o506,s156,4.8190846,-75.7094048,18:55:46,18:56:55,19:11:55,19:21:46
o507,s62,4.8114312,-75.6794853,18:56:19,18:57:22,19:32:22,19:22:19
o508,s109,4.827467,-75.668709,18:56:25,18:57:38,19:44:38,19:29:25
o509,s119,4.828593165,-75.68988383,18:57:22,18:58:23,19:28:23,19:27:22
o510,s64,4.8279439,-75.6889626,18:58:08,18:59:14,19:25:14,19:28:08
o511,s160,4.7906174,-75.7089978,18:58:38,18:59:43,19:33:43,19:28:38
o512,s55,4.7965731,-75.7082951,18:59:31,19:00:10,19:29:10,19:33:31
o513,s151,4.827944,-75.688962,18:59:34,19:00:55,19:21:55,19:29:34
o514,s45,4.8187673,-75.7057097,19:00:44,19:01:27,19:49:27,19:30:44
o515,s73,4.812168,-75.707491,19:01:12,19:02:40,19:25:40,19:31:12
o516,s109,4.8299971,-75.6671497,19:01:15,19:02:27,19:38:27,19:39:15
o517,s161,4.8279439,-75.6889626,19:04:11,19:05:33,19:25:33,19:34:11
o518,s63,4.8187673,-75.7057097,19:04:55,19:05:50,19:33:50,19:34:55
o519,s22,4.79903,-75.691778,19:05:24,19:07:09,19:35:09,19:35:24
o520,s65,4.80006,-75.68453,19:06:01,19:07:32,19:32:32,19:36:01
o521,s54,4.807792,-75.737212,19:06:52,19:08:10,19:30:10,19:44:52
o522,s138,4.803407,-75.707463,19:08:07,19:08:42,19:46:42,19:51:07
o523,s99,4.797782,-75.69298,19:08:52,19:10:58,19:30:58,19:38:52
o524,s110,4.802029,-75.7073544,19:09:07,19:10:07,19:40:07,19:39:07
o525,s76,4.8053374,-75.8062834,19:09:30,19:10:30,19:50:30,19:39:30
o526,s151,4.8281361,-75.6692798,19:09:38,19:10:33,19:31:33,19:39:38
o527,s22,4.8102074,-75.6984685,19:09:46,19:11:16,19:46:16,19:39:46
o528,s64,4.8030718,-75.6845436,19:09:48,19:10:55,19:36:55,19:39:48
o529,s162,4.793459,-75.691631,19:10:12,19:15:47,20:13:47,19:40:12
o530,s42,4.8038616,-75.6851926,19:12:07,19:13:12,19:53:12,19:45:07
o531,s52,4.8197266,-75.7330682,19:12:14,19:12:51,19:35:51,19:53:14
o532,s163,4.835543,-75.673959,19:13:25,19:15:02,19:42:02,19:49:25
o533,s81,4.8081115,-75.7178696,19:14:29,19:15:44,19:54:44,19:44:29
o534,s149,4.821091,-75.675727,19:14:46,19:15:55,19:30:55,19:42:46
o535,s118,4.8016006,-75.7201343,19:15:00,19:16:28,19:31:28,19:45:00
o536,s105,4.808099,-75.7115185,19:15:12,19:16:18,19:31:18,19:45:12
o537,s87,4.802923,-75.7496958,19:16:36,19:17:35,19:50:35,19:46:36
o538,s43,4.784389783,-75.72696336,19:16:36,19:17:11,19:39:11,19:46:36
o539,s52,4.812040995,-75.70089899,19:16:41,19:17:20,19:38:20,19:47:41
o540,s110,4.8039275,-75.6950843,19:17:01,19:18:13,20:03:13,19:47:01
o541,s63,4.8034225,-75.686627,19:18:43,19:19:57,19:49:57,19:48:43
o542,s99,4.803548,-75.686671,19:18:58,19:20:17,19:45:17,19:48:58
o543,s164,4.789299815,-75.70876122,19:19:08,19:20:11,20:03:11,20:02:08
o544,s33,4.798155,-75.7488569,19:19:08,19:20:11,19:41:11,19:49:08
o545,s27,4.800556131,-75.74538553,19:19:18,19:20:11,19:43:11,19:47:18
o546,s68,4.804552,-75.687985,19:20:12,19:20:46,19:43:46,19:50:12
o547,s76,4.824198549,-75.79968108,19:21:06,19:22:09,20:07:09,19:51:06
o548,s21,4.799757,-75.693756,19:21:31,19:22:09,19:29:09,19:46:31
o549,s100,4.811657455,-75.76086849,19:22:18,19:28:37,19:33:37,19:52:18
o550,s114,4.799957,-75.693474,19:22:23,19:25:20,19:40:20,19:52:23
o551,s165,4.813816,-75.71876,19:22:42,19:24:05,20:02:05,20:07:42
o552,s166,4.816494,-75.709642,19:23:15,19:24:25,19:42:25,20:00:15
o553,s113,4.807369,-75.686964,19:23:39,19:25:00,20:00:00,19:45:39
o554,s46,4.8079186,-75.68542,19:23:48,19:24:48,19:54:48,19:53:48
o555,s167,4.828079,-75.670655,19:24:14,19:30:35,19:35:35,19:54:14
o556,s168,4.8502934,-75.6574311,19:26:16,19:27:22,19:54:22,20:18:16
o557,s63,4.792334,-75.694931,19:26:58,19:27:52,19:56:52,19:56:58
o558,s58,4.844132,-75.660679,19:27:22,19:29:02,19:44:02,19:57:22
o559,s142,4.844132,-75.660679,19:27:22,19:28:55,19:58:55,19:57:22
o560,s124,4.800278,-75.690759,19:27:39,19:29:16,19:54:16,19:59:39
o561,s151,4.8314354,-75.6780826,19:28:01,19:28:55,19:49:55,19:58:01
o562,s47,4.800869,-75.690611,19:29:15,19:30:29,19:55:29,19:59:15
o563,s47,4.7999226,-75.697839,19:29:20,19:30:56,19:55:56,19:59:20
o564,s151,4.8279439,-75.6889626,19:30:02,19:30:53,19:51:53,20:00:02
o565,s46,4.804222474,-75.68424851,19:30:12,19:33:06,20:00:06,20:00:12
o566,s76,4.7989056,-75.7784893,19:30:24,19:31:35,20:21:35,20:00:24
o567,s46,4.8407916,-75.674016,19:31:07,19:33:29,20:00:29,20:01:07
o568,s45,4.8407916,-75.674016,19:31:07,19:32:42,20:25:42,20:01:07
o569,s81,4.796473357,-75.69839146,19:31:31,19:33:31,20:15:31,20:01:31
o570,s56,4.8076311,-75.6875653,19:31:32,19:33:10,19:51:10,20:01:32
o571,s169,4.7940697,-75.6964312,19:31:35,19:32:49,19:52:49,20:01:35
o572,s80,4.8066267,-75.6854812,19:31:44,19:32:37,19:55:37,20:01:44
o573,s101,4.8125171,-75.7121157,19:32:17,19:33:36,19:54:36,20:09:17
o574,s40,4.817778,-75.698927,19:32:19,19:33:15,19:54:15,20:02:19
o575,s170,4.7993678,-75.721668,19:32:55,19:34:04,19:54:04,20:02:55
o576,s81,4.8299632,-75.6691906,19:33:30,19:35:20,20:17:20,20:03:30
o577,s147,4.812707331,-75.71369364,19:33:37,19:34:45,19:53:45,20:04:37
o578,s99,4.811977517,-75.68475008,19:33:53,19:35:04,19:51:04,20:03:53
o579,s138,4.800975255,-75.70842487,19:35:16,19:35:50,20:13:50,20:18:16
o580,s151,4.8279439,-75.6889626,19:36:06,19:37:09,19:58:09,20:06:06
o581,s99,4.810989,-75.708534,19:36:13,19:38:00,20:03:00,20:06:13
o582,s118,4.8231919,-75.7283145,19:36:45,19:39:22,20:14:22,20:06:45
o583,s52,4.81343,-75.703731,19:37:16,19:37:51,20:02:51,20:10:16
o584,s55,4.798288864,-75.75142611,19:38:39,19:39:17,20:04:17,20:12:39
o585,s21,4.808798,-75.68659,19:38:43,19:39:17,19:46:17,20:03:43
o586,s42,4.804145,-75.685392,19:38:48,19:40:02,20:28:02,20:11:48
o587,s101,4.8038145,-75.686011,19:39:13,19:40:08,20:10:08,20:09:13
o588,s46,4.805924368,-75.6864335,19:39:27,19:41:28,20:08:28,20:09:27
o589,s118,4.7906174,-75.7089978,19:39:42,19:42:18,20:17:18,20:09:42
o590,s41,4.831540467,-75.66820119,19:40:11,19:41:13,20:00:13,20:11:11
o591,s87,4.801257,-75.759579,19:40:32,19:41:36,20:14:36,20:10:32
o592,s99,4.802224,-75.696909,19:40:40,19:41:28,20:06:28,20:10:40
o593,s99,4.7975127,-75.6910398,19:41:17,19:42:29,20:12:29,20:11:17
o594,s64,4.792399,-75.692818,19:41:25,19:42:31,20:06:31,20:11:25
o595,s101,4.80216,-75.70732,19:41:47,19:42:56,20:12:56,20:19:47
o596,s22,4.799356,-75.690874,19:41:49,19:42:57,20:09:57,20:11:49
o597,s81,4.803198,-75.681271,19:43:03,19:44:09,20:29:09,20:13:03
o598,s28,4.806952,-75.685204,19:43:32,19:49:59,19:54:59,20:08:32
o599,s171,4.7916887,-75.7108007,19:44:16,19:45:16,20:42:16,20:14:16
o600,s42,4.812015,-75.711031,19:44:35,19:45:51,20:23:51,20:21:35
o601,s162,4.8093788,-75.6735062,19:45:27,19:46:41,20:17:41,20:25:27
o602,s172,4.783407117,-75.69222417,19:46:41,19:47:53,20:11:53,20:29:41
o603,s23,4.81952346,-75.8129746,19:46:42,19:47:19,20:09:19,20:16:42
o605,s155,4.8061856,-75.7449599,19:46:48,19:49:00,20:20:00,20:16:48
o604,s115,4.8061856,-75.7449599,19:46:48,19:48:30,20:08:30,20:16:48
o606,s84,4.8489598,-75.6666274,19:47:22,19:48:20,20:12:20,20:38:22
o607,s115,4.7941949,-75.7472937,19:48:04,19:50:14,20:15:14,20:18:04
o608,s28,4.805103,-75.682594,19:48:18,19:55:32,20:01:32,20:13:18
o609,s33,4.8082861,-75.7574802,19:48:42,19:49:55,20:10:55,20:18:42
o611,s87,4.7941949,-75.7472937,19:49:58,19:51:02,20:19:02,20:19:58
o610,s121,4.795295154,-75.77994301,19:49:58,19:50:50,20:50:50,20:31:58
o612,s63,4.826400888,-75.68015948,19:50:11,19:51:09,20:14:09,20:20:11
o613,s140,4.8407916,-75.674016,19:50:24,19:51:15,20:01:15,20:20:24
o614,s87,4.8009118,-75.7602323,19:51:02,19:51:46,20:24:46,20:21:02
o615,s135,4.804121,-75.7466223,19:52:11,19:53:43,20:08:43,20:22:11
o616,s109,4.814460837,-75.67471426,19:52:19,19:53:01,20:29:01,20:30:19
o617,s73,4.8070338,-75.7136158,19:52:27,19:53:50,20:30:50,20:22:27
o618,s45,4.802941875,-75.70902072,19:52:33,19:54:22,20:38:22,20:22:33
o619,s173,4.807085,-75.716571,19:55:19,19:57:25,20:12:25,20:25:19
o620,s84,4.796735,-75.690472,19:55:46,19:57:16,20:41:16,20:32:46
o621,s118,4.800307,-75.695853,19:56:14,19:57:33,20:27:33,20:26:14
o622,s157,4.8024578,-75.6975304,19:56:26,19:57:42,20:09:42,20:22:26
o623,s73,4.8070338,-75.7136158,19:57:43,19:58:43,20:31:43,20:27:43
o624,s52,4.823939328,-75.73562253,19:58:53,19:59:28,20:20:28,20:39:53
o625,s76,4.807705,-75.758506,20:02:16,20:06:57,20:56:57,20:32:16
o626,s52,4.8054516,-75.6828796,20:03:17,20:03:57,20:26:57,20:28:17
o627,s151,4.8190079,-75.6912704,20:03:27,20:04:15,20:30:15,20:33:27
o628,s157,4.792362553,-75.73094577,20:04:16,20:05:11,20:19:11,20:30:16
o629,s74,4.830597,-75.6669858,20:04:55,20:06:22,20:29:22,20:34:55
o630,s103,4.8034803,-75.7269486,20:04:57,20:05:36,20:29:36,20:34:57
o631,s46,4.8045977,-75.6891331,20:05:28,20:07:30,20:33:30,20:35:28
o632,s74,4.797555178,-75.69108009,20:05:47,20:06:28,20:34:28,20:35:47
o633,s174,4.802706,-75.69946,20:08:14,20:09:26,20:34:26,20:38:14
o634,s90,4.7921605,-75.7514765,20:08:53,20:10:21,20:32:21,20:39:53
o635,s47,4.813717813,-75.70434965,20:10:32,20:11:34,20:36:34,20:40:32
o636,s25,4.80699,-75.68235,20:10:57,20:11:33,20:21:33,20:40:57
o637,s135,4.791335183,-75.74801099,20:12:53,20:14:05,20:44:05,20:42:53
o638,s151,4.8299325,-75.664668,20:13:18,20:14:15,20:40:15,20:43:18
o639,s175,4.843551376,-75.67209508,20:13:24,20:14:47,20:39:47,20:43:24
o640,s64,4.803746,-75.687936,20:13:40,20:14:47,20:38:47,20:43:40
o641,s140,4.8190249,-75.6963048,20:13:52,20:14:45,20:24:45,20:43:52
o642,s138,4.8080708,-75.7115746,20:13:54,20:14:32,20:52:32,20:56:54
o643,s124,4.8153774,-75.692093,20:13:58,20:15:58,20:43:58,20:45:58
o644,s153,4.821466066,-75.70446666,20:14:09,20:15:39,20:50:39,20:44:09
o645,s27,4.8079363,-75.7428092,20:14:25,20:15:21,20:32:21,20:42:25
o646,s87,4.802988851,-75.75848677,20:14:25,20:15:26,20:44:26,20:44:25
o647,s176,4.847367,-75.66869,20:14:50,20:15:28,20:33:28,20:44:50
o648,s45,4.836688694,-75.67129612,20:14:57,20:16:40,21:14:40,20:44:57
o649,s155,4.8052766,-75.7453258,20:15:33,20:16:49,20:53:49,20:45:33
o650,s169,4.8279439,-75.6889626,20:15:41,20:16:55,20:31:55,20:45:41
o651,s64,4.804267,-75.685589,20:16:17,20:17:23,20:40:23,20:46:17
o652,s138,4.802732,-75.684332,20:16:20,20:16:56,20:53:56,20:48:20
o653,s45,4.830797672,-75.68695831,20:16:22,20:17:26,21:13:26,20:46:22
o654,s131,4.8107012,-75.7994473,20:16:46,20:18:00,20:53:00,20:58:46
o655,s138,4.793459,-75.691631,20:17:09,20:17:45,20:53:45,20:49:09
o656,s160,4.8013034,-75.7181788,20:17:43,20:18:50,20:52:50,20:47:43
o657,s171,4.8038924,-75.7426489,20:18:38,20:20:33,21:17:33,20:48:38
o658,s177,4.8136219,-75.6688339,20:18:41,20:20:06,20:50:06,20:47:41
o659,s69,4.7906174,-75.7089978,20:19:00,20:20:14,20:50:14,20:45:00
o660,s69,4.813717813,-75.70434965,20:19:17,20:20:55,21:00:55,20:45:17
o661,s52,4.8072723,-75.6993258,20:21:18,20:21:56,20:43:56,20:52:18
o662,s121,4.806767,-75.798405,20:21:45,20:23:16,21:22:16,21:03:45
o663,s110,4.832632,-75.667209,20:22:52,20:23:49,21:03:49,20:52:52
o664,s110,4.824756,-75.678006,20:23:35,20:24:43,21:09:43,20:53:35
o665,s64,4.800929,-75.685031,20:23:40,20:24:49,20:50:49,20:53:40
o666,s101,4.801846,-75.687908,20:25:06,20:26:28,20:51:28,20:59:06
o667,s162,4.7982529,-75.7131533,20:26:14,20:27:22,20:58:22,21:06:14
o668,s99,4.8022243,-75.6969087,20:26:47,20:28:11,20:48:11,20:56:47
o669,s49,4.8023726,-75.6880435,20:27:45,20:29:02,20:49:02,20:53:45
o670,s81,4.7994402,-75.684041,20:27:48,20:29:05,21:08:05,20:57:48
o671,s52,4.82811,-75.689033,20:29:10,20:29:47,20:51:47,21:02:10
o672,s46,4.827811403,-75.66990372,20:30:58,20:32:21,20:54:21,21:00:58
o673,s140,4.806735,-75.68762,20:32:49,20:33:45,20:43:45,21:02:49
o674,s45,4.796316,-75.697658,20:32:51,20:34:16,21:34:16,21:02:51
o675,s52,4.8081705,-75.712809,20:34:07,20:34:45,20:56:45,21:12:07
o676,s157,4.812853,-75.713892,20:34:38,20:35:58,20:49:58,20:52:38
o677,s52,4.8141606,-75.6962158,20:35:57,20:36:34,20:58:34,21:06:57
o678,s164,4.798561491,-75.72721347,20:37:12,20:38:06,21:22:06,21:20:12
o679,s178,4.799140153,-75.69080047,20:37:45,20:38:47,20:57:47,21:03:45
o680,s42,4.806539,-75.68832,20:38:51,20:39:55,21:17:55,21:11:51
o681,s179,4.804631,-75.691631,20:40:42,20:42:40,21:27:40,21:10:42
o682,s160,4.793586452,-75.72802241,20:40:44,20:41:31,21:15:31,21:10:44
o683,s45,4.8009846,-75.6919395,20:41:23,20:42:20,21:36:20,21:11:23
o684,s138,4.8053247,-75.7153554,20:43:23,20:43:58,21:21:58,21:26:23
o685,s42,4.82198591,-75.68641707,20:44:21,20:45:14,21:25:14,21:21:21
o686,s46,4.8038145,-75.686011,20:47:00,20:48:28,21:10:28,21:17:00
o687,s154,4.8528323,-75.6609641,20:47:42,20:48:52,21:16:52,21:17:42
o688,s76,4.825361,-75.795547,20:48:05,20:50:21,22:10:21,21:18:05
o689,s180,4.8203671,-75.6713469,20:48:08,20:54:20,20:59:20,21:18:08
o690,s80,4.807291,-75.687962,20:52:23,20:53:33,21:16:33,21:22:23
o691,s63,4.7964761,-75.6903189,20:52:25,20:53:24,21:21:24,21:22:25
o692,s181,4.840204,-75.666717,20:53:18,20:54:24,21:14:24,21:23:18
o693,s87,4.821936798,-75.72412826,20:53:27,20:55:08,21:24:08,21:23:27
o694,s131,4.793720908,-75.77253739,20:54:32,20:55:49,21:30:49,21:36:32
o695,s138,4.8181095,-75.6943492,20:55:51,20:56:25,21:33:25,21:27:51
o696,s155,4.807502024,-75.75550752,20:57:03,20:59:06,21:59:06,21:33:03
o697,s141,4.8121455,-75.6960836,20:59:23,21:00:30,21:22:30,21:29:23
o698,s168,4.8275432,-75.6971676,21:02:05,21:02:57,21:29:57,21:39:05
o699,s62,4.8077037,-75.6974985,21:02:08,21:03:11,21:41:11,21:28:08
o700,s64,4.7977394,-75.690786,21:02:39,21:03:46,21:26:46,21:32:39
o701,s64,4.830182411,-75.69641065,21:05:17,21:06:24,21:32:24,21:35:17
o702,s99,4.814185,-75.720783,21:06:04,21:07:10,21:27:10,21:36:04
o703,s42,4.7931734,-75.7119829,21:10:05,21:11:54,21:54:54,22:01:05
o704,s162,4.801754,-75.6958046,21:13:55,21:15:08,22:01:08,21:43:55
o705,s146,4.81341,-75.717064,21:14:40,21:15:49,21:37:49,21:44:40
o706,s52,4.8080795,-75.677718,21:15:31,21:16:06,21:38:06,21:45:31
o707,s150,4.822507,-75.675247,21:19:24,21:20:40,21:55:40,21:49:24
o708,s27,4.798163,-75.76092,21:19:49,21:20:43,21:43:43,21:47:49
o709,s52,4.811934753,-75.70006046,21:19:57,21:20:33,21:42:33,21:50:57
o710,s182,4.7930382,-75.7491162,21:20:40,21:22:08,21:49:08,21:50:40
o711,s96,4.804053086,-75.68416871,21:20:41,21:21:50,21:46:50,21:50:41
o712,s109,4.8290617,-75.6726325,21:21:24,21:23:05,22:09:05,21:54:24
o713,s99,4.8072308,-75.6732489,21:21:51,21:23:42,21:38:42,21:51:51
o714,s156,4.812382106,-75.70437245,21:22:41,21:24:49,21:35:49,21:48:41
o715,s109,4.8297024,-75.6729916,21:23:51,21:24:51,22:20:51,21:56:51
o716,s183,4.8038877,-75.7376835,21:26:27,21:27:21,21:37:21,21:56:27
o717,s169,4.809102,-75.6864651,21:27:05,21:28:20,21:43:20,21:57:05
o718,s156,4.8123016,-75.7087559,21:28:32,21:30:05,21:41:05,21:54:32
o719,s72,4.826962488,-75.69742218,21:29:43,21:31:04,21:46:04,22:00:43
o720,s183,4.79629,-75.7089669,21:30:21,21:31:17,21:39:17,22:00:21
o721,s180,4.821025,-75.703678,21:31:44,21:37:29,21:42:29,22:01:44
o722,s157,4.809394963,-75.74295402,21:34:51,21:36:07,21:54:07,22:00:51
o723,s144,4.82894659,-75.66574097,21:35:06,21:35:57,22:01:57,22:08:06
o724,s125,4.807943,-75.684579,21:35:42,21:36:45,22:03:45,21:53:42
o725,s73,4.8084798,-75.6892225,21:36:49,21:37:43,22:00:43,22:06:49
o726,s73,4.8045884,-75.685698,21:37:58,21:39:00,22:03:00,22:07:58
o727,s184,4.797460961,-75.69807462,21:38:46,21:40:31,22:13:31,22:08:46
o728,s145,4.809394963,-75.74295402,21:40:02,21:40:51,22:20:51,21:40:02
o729,s181,4.827577,-75.6698915,21:40:39,21:41:31,22:11:31,22:10:39
o730,s69,4.79767397,-75.71261588,21:42:02,21:44:07,22:24:07,22:08:02
o731,s64,4.7922914,-75.6947735,21:44:14,21:45:22,22:11:22,22:14:14
o732,s142,4.8307597,-75.6698209,21:46:10,21:47:34,22:02:34,22:16:10
o733,s185,4.810916,-75.786575,21:52:34,21:53:26,22:18:26,22:22:34
o734,s118,4.8146709,-75.7052683,21:58:43,21:59:53,22:26:53,22:28:43
o735,s27,4.797318,-75.7526618,21:58:55,21:59:51,22:14:51,22:26:55
o736,s186,4.8070215,-75.7448656,22:02:59,22:04:15,22:24:15,22:30:59
o737,s144,4.796525,-75.6908962,22:05:45,22:06:48,22:28:48,22:38:45
o738,s187,4.8407485,-75.6593158,22:14:21,22:15:36,22:35:36,22:44:21
o739,s135,4.806116808,-75.78438107,22:18:01,22:18:55,22:28:55,22:48:01
o740,s181,4.8119955,-75.6932409,22:25:20,22:26:33,22:41:33,22:55:20
o741,s73,4.806342,-75.68867,22:25:28,22:26:26,22:48:26,22:55:28
o742,s139,4.796186,-75.6911672,22:27:41,22:28:59,22:36:59,22:45:41
o743,s1,4.817167,-75.693495,22:36:52,22:37:39,23:36:39,23:06:52
o744,s150,4.823019,-75.674454,22:38:20,22:39:35,23:09:35,23:08:20
o745,s140,4.8259735,-75.6785318,22:40:46,22:41:45,22:51:45,23:10:46
o746,s188,4.800915603,-75.73047734,22:59:49,23:00:49,23:10:49,23:29:49
o747,s110,4.814748491,-75.69673821,23:06:32,23:07:36,23:34:36,23:36:32
o748,s140,4.802538,-75.689173,23:12:17,23:13:15,23:23:15,23:42:17
