courier_id,vehicle,on_lat,on_lng,on_time,off_time
c1,motorcycle,4.82501282,-75.70992798,0:15:00,2:38:00
c2,motorcycle,4.83765601,-75.66809624,0:15:00,15:31:01
c3,motorcycle,4.790315023,-75.72411686,0:15:00,22:22:00
c4,motorcycle,4.811223937,-75.70356041,0:15:00,23:48:00
c5,motorcycle,4.81119859,-75.70356578,0:15:00,23:48:00
c6,motorcycle,4.837263128,-75.66389591,0:15:00,19:46:01
c7,motorcycle,4.818871191,-75.712578,0:15:00,23:48:00
c8,motorcycle,4.81724897,-75.69481641,0:15:00,2:48:00
c9,motorcycle,4.811216333,-75.69195181,0:15:00,21:45:00
c10,motorcycle,4.807589147,-75.68614215,0:15:00,22:30:01
c11,motorcycle,4.807840085,-75.69835693,0:15:00,23:45:00
c12,motorcycle,4.811261958,-75.70308834,0:15:00,23:48:00
c13,motorcycle,4.823844314,-75.67199618,0:15:00,23:48:00
c14,bicycle,4.824176362,-75.67445308,0:15:00,22:47:00
c15,motorcycle,4.807495363,-75.72145075,0:15:00,22:22:00
c16,motorcycle,4.811244215,-75.70357114,0:15:00,23:48:00
c17,motorcycle,4.83679167,-75.76416224,0:15:00,19:06:01
c18,motorcycle,4.797734151,-75.72375208,0:15:00,21:09:00
c19,motorcycle,4.838578648,-75.67772537,0:15:00,0:29:00
c20,car,4.8005629,-75.7424739,0:15:00,23:48:00
c21,motorcycle,4.811211264,-75.69193035,0:15:00,23:46:00
c22,motorcycle,4.811325326,-75.6922093,0:15:00,22:57:00
c23,motorcycle,4.806674113,-75.6835565,0:15:00,23:48:00
c24,motorcycle,4.815591262,-75.67872852,0:15:00,22:47:00
c25,motorcycle,4.816088067,-75.67467839,0:15:00,0:29:00
c26,motorcycle,4.813639527,-75.70710629,0:15:00,1:17:00
c27,motorcycle,4.817107025,-75.69345921,0:20:00,23:48:00
c28,motorcycle,4.817867442,-75.70283622,1:14:00,18:23:01
c29,motorcycle,4.834535768,-75.69326609,7:23:00,18:16:01
c30,car,4.824166224,-75.72479814,7:23:00,23:48:00
c31,motorcycle,4.819659489,-75.67368597,7:23:00,21:08:00
c32,motorcycle,4.806816057,-75.7590124,7:23:00,17:28:02
c33,motorcycle,4.804866857,-75.72929889,7:23:00,21:16:01
c34,bicycle,4.80820255,-75.69737524,7:23:00,15:24:02
c35,walking,4.811766368,-75.70428997,7:23:00,21:00:01
c36,motorcycle,4.809345709,-75.7614103,7:23:00,16:07:00
c37,motorcycle,4.809168279,-75.68388909,7:23:00,21:12:00
c38,motorcycle,4.812600291,-75.71019083,7:23:00,21:01:00
c39,motorcycle,4.803419531,-75.73757619,7:23:00,18:28:01
c40,motorcycle,4.821106815,-75.67570835,7:23:00,19:33:01
c41,motorcycle,4.811705534,-75.68598658,7:23:00,19:05:01
c42,motorcycle,4.809132792,-75.72568327,7:23:00,21:02:01
c43,motorcycle,4.8235148,-75.67025274,7:23:00,18:55:01
c44,motorcycle,4.808537133,-75.69396347,7:42:00,22:06:00
c45,motorcycle,4.816265498,-75.67947954,7:42:00,20:05:01
c46,motorcycle,4.817274317,-75.6808421,7:42:00,13:44:01
c47,bicycle,4.800078768,-75.6643948,7:42:00,22:08:00
c48,walking,4.807649981,-75.68664104,7:42:00,21:04:01
c49,motorcycle,4.797308318,-75.74670643,7:42:00,21:37:01
c50,motorcycle,4.841420071,-75.66220611,7:55:00,20:42:02
c51,motorcycle,4.802844149,-75.80043107,7:55:00,21:50:01
c52,motorcycle,4.819973795,-75.70612997,7:55:00,19:00:01
c53,bicycle,4.82560848,-75.73789805,7:55:00,19:23:02
c54,motorcycle,4.824163689,-75.72477669,7:55:00,16:48:01
c55,motorcycle,4.814057756,-75.68879753,7:55:00,18:33:01
c56,motorcycle,4.81102116,-75.69318563,7:59:00,9:56:00
c57,motorcycle,4.798671998,-75.69580883,8:02:00,20:48:01
c58,car,4.786033878,-75.73651403,8:05:00,18:56:01
c59,motorcycle,4.812853763,-75.70045978,8:06:00,15:58:00
c60,bicycle,4.806575259,-75.74738771,8:13:00,23:48:00
c61,motorcycle,4.809168279,-75.68389446,8:13:00,18:35:01
c62,car,4.793904188,-75.71780831,8:13:00,21:17:01
c63,motorcycle,4.80106731,-75.70388764,8:21:00,18:24:01
c64,motorcycle,4.801204185,-75.70390373,8:21:00,12:18:01
c65,motorcycle,4.821319732,-75.7251361,8:39:00,23:10:00
c66,motorcycle,4.791546897,-75.73303789,8:40:00,12:27:01
c67,motorcycle,4.808552341,-75.68918914,8:41:00,9:18:00
c68,motorcycle,4.810643486,-75.69780976,8:46:01,22:30:01
c69,motorcycle,4.815302304,-75.71197718,8:46:01,13:06:02
c70,motorcycle,4.805650086,-75.74021548,8:46:01,22:47:00
c71,motorcycle,4.855039127,-75.66339701,8:49:00,8:50:00
c72,motorcycle,4.840122293,-75.66650301,8:56:00,20:03:02
c73,motorcycle,4.825854348,-75.67576736,8:56:00,21:03:02
c74,motorcycle,4.827060875,-75.67818671,8:56:00,16:02:01
c75,bicycle,4.846251249,-75.66495806,9:01:00,16:30:01
c76,walking,4.806554981,-75.68432897,9:10:00,17:42:01
c77,motorcycle,4.797962276,-75.71327001,9:10:00,18:44:02
c78,motorcycle,4.811860152,-75.75925916,9:10:00,18:31:01
c79,motorcycle,4.833255734,-75.6872794,9:14:00,19:22:01
c80,motorcycle,4.828941638,-75.66574663,9:15:00,9:16:00
c81,motorcycle,4.815233866,-75.69908112,9:17:00,16:30:01
c82,motorcycle,4.833281081,-75.68725258,9:18:00,19:42:01
c83,motorcycle,4.804134322,-75.73232979,9:18:00,21:54:00
c84,motorcycle,4.835975489,-75.66577345,9:18:00,21:30:00
c85,motorcycle,4.808433209,-75.71354896,9:19:00,17:20:01
c86,motorcycle,4.808828626,-75.68374425,9:27:00,21:47:01
c87,motorcycle,4.840251564,-75.66976994,9:27:00,22:23:00
c88,motorcycle,4.802410712,-75.73690027,9:27:00,23:03:00
c89,motorcycle,4.809168279,-75.68389446,9:32:00,19:21:00
c90,motorcycle,4.810815847,-75.75871736,9:32:00,20:27:01
c91,motorcycle,4.810755014,-75.80066711,9:32:00,18:45:02
c92,motorcycle,4.83251813,-75.6878373,9:35:00,22:57:00
c93,motorcycle,4.81406536,-75.66017836,9:35:00,16:07:00
c94,motorcycle,4.808580223,-75.70903748,9:45:00,19:31:01
c95,motorcycle,4.787947593,-75.6703493,9:46:00,21:52:00
c96,motorcycle,4.812503972,-75.77323347,9:55:00,20:47:00
c97,motorcycle,4.835184656,-75.69360942,9:55:00,18:35:01
c98,motorcycle,4.808897063,-75.68447381,9:55:00,21:21:01
c99,motorcycle,4.796722798,-75.74792415,10:01:00,12:50:02
c100,motorcycle,4.838573579,-75.66943198,10:01:00,21:06:00
c101,walking,4.837975384,-75.66830546,10:01:00,23:48:00
c102,motorcycle,4.859474889,-75.66227585,10:01:00,21:39:01
c103,motorcycle,4.810858938,-75.68110496,10:01:00,21:29:00
c104,motorcycle,4.815758554,-75.6870541,10:03:00,18:56:01
c105,bicycle,4.829618409,-75.67739815,10:04:00,19:59:01
c106,motorcycle,4.802405642,-75.69984823,10:07:00,11:40:01
c107,motorcycle,4.838951252,-75.66322535,10:10:00,22:45:00
c108,motorcycle,4.800517275,-75.70586175,10:10:00,19:41:03
c109,motorcycle,4.80993123,-75.68273038,10:10:00,19:52:01
c110,motorcycle,4.820726607,-75.7000038,10:10:00,22:59:00
c111,motorcycle,4.832492783,-75.6878534,10:12:00,22:57:00
c112,motorcycle,4.773775967,-75.63515872,10:12:00,18:39:01
c113,motorcycle,4.812501437,-75.68277866,10:12:00,21:47:01
c114,motorcycle,4.837022329,-75.68272501,10:15:00,22:08:00
c115,motorcycle,4.797617554,-75.69743425,10:15:00,12:40:01
c116,motorcycle,4.807257099,-75.69249362,10:15:00,21:16:01
c117,motorcycle,4.834168233,-75.68350285,10:16:00,22:02:00
c118,motorcycle,4.83233056,-75.68811089,10:16:00,18:08:01
c119,motorcycle,4.806775502,-75.68423241,10:21:00,22:37:00
c120,motorcycle,4.800626268,-75.70561498,10:26:00,16:33:01
c121,motorcycle,4.808924945,-75.7372275,10:26:00,22:30:01
c122,motorcycle,4.789962696,-75.7327053,10:29:00,20:33:01
c123,motorcycle,4.796509881,-75.74615926,10:29:00,11:10:00
c124,motorcycle,4.804240781,-75.70617288,10:29:00,12:05:01
c125,motorcycle,4.846945763,-75.66808552,10:29:00,20:34:01
c126,motorcycle,4.830644971,-75.66412121,10:33:00,13:24:02
c127,motorcycle,4.804491718,-75.74037105,10:33:00,23:03:00
c128,motorcycle,4.806823661,-75.68348676,10:33:00,23:48:00
c129,motorcycle,4.812853763,-75.69387764,10:33:00,21:10:00
c130,motorcycle,4.848322116,-75.66701263,10:33:00,13:45:01
c131,motorcycle,4.8039721,-75.7379356,10:33:00,22:06:00
c132,motorcycle,4.802545052,-75.72529703,10:33:00,18:34:00
c133,motorcycle,4.800367727,-75.71981996,10:38:00,21:51:01
c134,motorcycle,4.808691751,-75.69060534,10:38:00,19:02:02
c135,motorcycle,4.804851648,-75.74296206,10:38:00,19:45:01
c136,motorcycle,4.812917131,-75.6937167,10:38:00,20:31:01
c137,motorcycle,4.810384945,-75.69044977,10:38:00,14:59:02
c138,motorcycle,4.809951507,-75.68268746,10:39:00,12:46:01
c139,motorcycle,4.806456127,-75.68192571,10:41:01,14:54:01
c140,motorcycle,4.808359702,-75.68952173,10:43:00,13:05:01
c141,motorcycle,4.819687371,-75.69272429,10:50:00,21:21:01
c142,motorcycle,4.798697345,-75.6957981,10:50:00,20:58:01
c143,motorcycle,4.806073384,-75.68609387,10:50:00,15:26:01
c144,motorcycle,4.80352092,-75.6971392,10:50:00,19:57:01
c145,motorcycle,4.80697321,-75.68557888,10:50:00,15:31:01
c146,motorcycle,4.845176527,-75.66537112,10:50:00,21:19:00
c147,motorcycle,4.818141191,-75.70667177,10:50:00,18:42:01
c148,motorcycle,4.809928695,-75.68263382,10:50:00,23:45:00
c149,motorcycle,4.809943903,-75.68263918,10:50:00,21:04:01
c150,motorcycle,4.806734946,-75.6835404,10:55:00,22:14:00
c151,motorcycle,4.806681717,-75.68427533,10:55:00,20:59:00
c152,motorcycle,4.815003207,-75.69072872,10:55:00,22:37:00
c153,walking,4.810620674,-75.6790182,10:55:00,17:21:01
c154,motorcycle,4.819139872,-75.67451745,10:55:00,20:30:01
c155,motorcycle,4.80606071,-75.71425706,10:55:00,19:57:01
c156,motorcycle,4.832482644,-75.69197863,10:55:00,16:31:01
c157,motorcycle,4.80733821,-75.69747716,10:55:00,18:35:01
c158,motorcycle,4.810646021,-75.69780976,10:55:00,22:20:00
c159,motorcycle,4.84697111,-75.66671759,10:56:01,21:02:01
c160,motorcycle,4.874936688,-75.62548131,10:56:01,22:30:01
c161,motorcycle,4.809867862,-75.68369597,10:57:00,20:20:01
c162,motorcycle,4.813903138,-75.69577128,10:57:00,19:54:01
c163,motorcycle,4.804823766,-75.72932035,10:59:00,15:09:01
c164,motorcycle,4.811335465,-75.69279402,10:59:00,20:30:01
c165,motorcycle,4.806620884,-75.68349212,10:59:00,21:32:00
c166,motorcycle,4.812704215,-75.67939907,10:59:00,21:59:00
c167,motorcycle,4.819119594,-75.70393056,11:01:00,15:20:00
c168,motorcycle,4.805444773,-75.74222177,11:01:00,17:08:00
c169,motorcycle,4.808420536,-75.68951637,11:01:00,22:47:00
c170,motorcycle,4.810945118,-75.6975469,11:03:00,15:42:00
c171,motorcycle,4.820189246,-75.71300179,11:03:00,20:44:02
c172,motorcycle,4.829587992,-75.66824645,11:03:00,20:11:01
c173,motorcycle,4.800342379,-75.66774219,11:05:00,22:07:00
c174,motorcycle,4.844489618,-75.65663785,11:05:00,21:51:01
c175,motorcycle,4.83564851,-75.67276329,11:07:00,18:26:00
c176,motorcycle,4.80733314,-75.68837911,11:08:00,20:55:02
c177,motorcycle,4.793017035,-75.73175579,11:09:01,22:42:00
c178,motorcycle,4.79760995,-75.73269457,11:09:01,21:04:01
c179,motorcycle,4.806633557,-75.68351358,11:13:01,23:27:00
c180,motorcycle,4.834082053,-75.66758126,11:14:00,20:28:01
c181,motorcycle,4.80133599,-75.71245998,11:19:00,22:27:00
c182,motorcycle,4.859550931,-75.66224903,11:19:00,20:51:01
c183,motorcycle,4.794274257,-75.7466045,11:20:01,15:51:01
c184,motorcycle,4.815249075,-75.69988042,11:20:01,23:29:00
c185,walking,4.801858143,-75.71752399,11:20:01,21:37:01
c186,motorcycle,4.803858038,-75.66595048,11:21:00,21:03:02
c187,motorcycle,4.833488928,-75.66499025,11:21:00,20:11:01
c188,motorcycle,4.827818757,-75.67722648,11:21:00,23:48:00
c189,motorcycle,4.807044182,-75.69633991,11:21:00,23:10:00
c190,motorcycle,4.796172763,-75.70851713,11:23:00,21:16:01
c191,motorcycle,4.801698455,-75.66735059,11:24:00,15:38:01
c192,motorcycle,4.809733521,-75.69238096,11:25:01,20:56:00
c193,motorcycle,4.792358008,-75.72908968,11:25:01,15:32:02
c194,motorcycle,4.834264553,-75.68393201,11:26:00,21:58:00
c195,motorcycle,4.825709869,-75.67698509,11:26:00,20:17:00
c196,motorcycle,4.804511996,-75.74274749,11:26:00,14:06:05
c197,motorcycle,4.85756371,-75.66048414,11:28:01,20:03:02
c198,motorcycle,4.801683247,-75.70566863,11:28:01,12:51:01
c199,motorcycle,4.806509356,-75.6834814,11:29:01,21:35:01
c200,motorcycle,4.799526199,-75.70554525,11:29:01,23:48:00
c201,motorcycle,4.791161619,-75.73025912,11:30:01,18:33:01
c202,motorcycle,4.811026229,-75.67811161,11:30:01,19:45:01
c203,motorcycle,4.821631502,-75.69595903,11:32:00,13:24:02
c204,motorcycle,4.818599976,-75.69898993,11:32:00,21:47:01
c205,motorcycle,4.846499652,-75.66907793,11:33:00,15:42:00
c206,motorcycle,4.814977859,-75.6947735,11:33:00,20:12:01
c207,motorcycle,4.815875151,-75.71509391,11:33:00,19:07:01
c208,motorcycle,4.797939464,-75.72685272,11:33:00,19:39:02
c209,motorcycle,4.803827621,-75.68648547,11:34:00,17:57:01
c210,motorcycle,4.811695396,-75.67994624,11:34:00,20:39:01
c211,motorcycle,4.786512941,-75.72992653,11:34:00,18:51:01
c212,motorcycle,4.810189771,-75.74001163,11:35:00,17:22:01
c213,bicycle,4.807505501,-75.67384154,11:36:01,13:17:01
c214,motorcycle,4.819248865,-75.69383472,11:37:00,20:36:01
c215,motorcycle,4.802509566,-75.73765129,11:38:00,21:16:01
c216,motorcycle,4.809814632,-75.68269819,11:38:00,23:24:00
c217,motorcycle,4.834175837,-75.68300933,11:38:00,21:30:00
c218,motorcycle,4.80206599,-75.71201473,11:39:00,15:20:00
c219,motorcycle,4.809305153,-75.67337483,11:40:01,20:33:01
c220,motorcycle,4.812369631,-75.6722644,11:40:01,21:45:00
c221,motorcycle,4.802147101,-75.74846596,11:42:01,15:50:02
c222,motorcycle,4.806854078,-75.68341702,11:45:00,14:44:01
c223,motorcycle,4.825281501,-75.67626625,11:45:00,18:31:01
c224,motorcycle,4.834862747,-75.69238096,11:45:00,21:34:00
c225,walking,4.820719003,-75.68531603,11:45:00,21:04:01
c226,motorcycle,4.795675958,-75.77805609,11:45:00,20:59:00
c227,motorcycle,4.812810673,-75.68915695,11:46:01,23:24:00
c228,motorcycle,4.798154915,-75.69259018,11:46:01,21:56:01
c229,motorcycle,4.804823766,-75.70681661,11:47:00,22:27:00
c230,motorcycle,4.820490878,-75.73413223,11:47:00,21:10:00
c231,motorcycle,4.837653475,-75.67914158,11:48:02,23:48:00
c232,motorcycle,4.811152965,-75.68527848,11:49:01,15:05:01
c233,motorcycle,4.795166479,-75.72693318,11:50:00,21:54:00
c234,motorcycle,4.819801434,-75.67320853,11:51:01,17:24:01
c235,motorcycle,4.81783956,-75.68083137,11:51:01,18:35:01
c236,motorcycle,4.843394618,-75.67030638,11:52:01,22:37:00
c237,motorcycle,4.808131578,-75.67036003,11:52:01,22:27:00
c238,motorcycle,4.805107655,-75.73586494,11:53:00,17:49:01
c239,motorcycle,4.812253034,-75.68249971,11:53:00,21:23:00
c240,motorcycle,4.812235291,-75.68248361,11:55:00,19:51:02
c241,motorcycle,4.804871926,-75.73687345,11:58:01,20:53:01
c242,motorcycle,4.815317512,-75.67726403,12:00:01,19:35:01
c243,motorcycle,4.8231498,-75.68310589,12:02:01,23:10:00
c244,motorcycle,4.818214698,-75.71314663,12:02:01,15:53:00
c245,motorcycle,4.83342556,-75.6891945,12:03:00,23:27:00
c246,motorcycle,4.806689321,-75.68356723,12:03:00,22:25:00
c247,motorcycle,4.806846474,-75.68688244,12:03:00,21:42:00
c248,motorcycle,4.800484324,-75.70626944,12:05:01,18:59:01
c249,motorcycle,4.795217173,-75.74624509,12:06:01,20:45:01
c250,bicycle,4.803888454,-75.74669033,12:07:00,20:46:02
c251,motorcycle,4.838140141,-75.67468911,12:08:00,21:10:00
c252,motorcycle,4.819999142,-75.73301643,12:10:01,13:51:01
c253,motorcycle,4.830627228,-75.68697363,12:11:01,19:42:01
c254,motorcycle,4.788931065,-75.67318171,12:13:00,18:23:01
c255,motorcycle,4.808516855,-75.69049269,12:14:01,15:11:01
c256,motorcycle,4.795186757,-75.70754617,12:15:01,20:44:02
c257,motorcycle,4.818850913,-75.6968227,12:18:01,23:48:00
c258,motorcycle,4.832938894,-75.66786021,12:19:00,22:06:00
c259,motorcycle,4.835853823,-75.66886872,12:19:00,21:04:01
c260,motorcycle,4.798816477,-75.74090749,12:20:01,19:46:01
c261,motorcycle,4.808871716,-75.68129808,12:22:01,15:17:01
c262,motorcycle,4.807802064,-75.68638355,12:22:01,20:39:01
c263,motorcycle,4.821030774,-75.68076164,12:22:01,18:51:01
c264,motorcycle,4.809910952,-75.68277329,12:23:01,20:41:01
c265,motorcycle,4.808897063,-75.69014937,12:23:01,21:31:01
c266,motorcycle,4.813730777,-75.6905517,12:24:01,12:39:01
c267,motorcycle,4.830145631,-75.68651766,12:24:01,21:03:02
c268,motorcycle,4.824946918,-75.67751616,12:25:01,17:56:01
c269,motorcycle,4.797789915,-75.70711166,12:26:01,20:11:01
c270,motorcycle,4.818736851,-75.71433216,12:27:01,19:36:02
c271,motorcycle,4.827730042,-75.67989796,12:29:01,23:10:00
c272,bicycle,4.807614494,-75.68661958,12:31:01,19:39:02
c273,motorcycle,4.842167813,-75.66069871,12:32:02,16:40:02
c274,motorcycle,4.799189081,-75.72809726,12:34:02,22:45:00
c275,motorcycle,4.83974462,-75.66364914,12:34:02,18:34:00
c276,motorcycle,4.809943903,-75.68267137,12:38:03,19:48:01
c277,motorcycle,4.806461196,-75.68371743,12:39:01,18:31:01
c278,motorcycle,4.805198905,-75.68396419,12:40:01,20:42:02
c279,motorcycle,4.837245385,-75.67882508,12:40:01,14:20:01
c280,motorcycle,4.809186022,-75.7429567,12:40:01,18:15:01
c281,motorcycle,4.821547857,-75.65919667,12:43:01,22:30:01
c282,motorcycle,4.808694286,-75.67292422,12:46:01,21:44:00
c283,motorcycle,4.826087542,-75.6967476,12:48:02,18:45:02
c284,bicycle,4.836165594,-75.67406148,12:51:01,23:48:00
c285,motorcycle,4.819618934,-75.70321709,12:54:01,12:54:01
c286,motorcycle,4.799222033,-75.74870735,12:54:01,17:29:01
c287,motorcycle,4.838124933,-75.67167968,12:54:01,20:53:01
c288,motorcycle,4.807115154,-75.74514002,12:56:01,21:36:01
c289,motorcycle,4.823375391,-75.73066682,12:56:01,23:03:00
c290,bicycle,4.801381615,-75.74627191,12:57:00,14:05:01
c291,motorcycle,4.80519637,-75.74302107,12:58:01,13:52:01
c292,motorcycle,4.827874521,-75.73510319,13:00:02,14:36:01
c293,motorcycle,4.813533068,-75.69919378,13:01:01,16:02:01
c294,motorcycle,4.80806314,-75.69068044,13:01:01,21:08:00
c295,motorcycle,4.808777931,-75.69014937,13:01:01,18:53:01
c296,motorcycle,4.806940259,-75.81779569,13:03:02,14:36:01
c297,motorcycle,4.807464946,-75.81793517,13:04:02,13:15:02
c298,motorcycle,4.842441563,-75.66843957,13:04:02,13:05:01
c299,motorcycle,4.804017725,-75.72763056,13:04:02,19:30:02
c300,motorcycle,4.802433524,-75.70441335,13:06:02,20:47:00
c301,motorcycle,4.840347883,-75.66295177,13:06:02,21:51:01
c302,walking,4.810684042,-75.68231732,13:08:02,18:21:02
c303,motorcycle,4.805756544,-75.73043615,13:09:01,18:39:01
c304,motorcycle,4.793437799,-75.73596686,13:11:01,18:30:01
c305,walking,4.807528314,-75.68562716,13:12:03,18:25:01
c306,motorcycle,4.809206299,-75.71219712,13:16:01,23:29:00
c307,motorcycle,4.79356707,-75.73592931,13:18:01,15:37:00
c308,bicycle,4.810782896,-75.69338948,13:23:01,14:01:01
c309,motorcycle,4.807056856,-75.72093576,13:24:02,19:47:01
c310,motorcycle,4.807363557,-75.68365306,13:31:01,20:27:01
c311,motorcycle,4.802636302,-75.69807261,13:34:02,17:26:02
c312,motorcycle,4.797473075,-75.69069654,13:36:02,20:32:02
c313,motorcycle,4.807561265,-75.67296714,13:37:01,23:29:00
c314,motorcycle,4.794312278,-75.73164314,13:38:02,21:01:00
c315,motorcycle,4.809576369,-75.74125618,13:41:01,19:15:03
c316,motorcycle,4.817634247,-75.71736306,13:43:01,19:43:02
c317,motorcycle,4.807297654,-75.68535358,13:48:02,17:10:01
c318,motorcycle,4.807464946,-75.68397492,13:49:00,21:58:00
c319,car,4.796550437,-75.70997626,13:55:01,19:00:01
c320,motorcycle,4.812171923,-75.66695899,14:16:02,20:02:01
c321,motorcycle,4.79938679,-75.69359869,14:19:00,23:01:00
c322,motorcycle,4.802078663,-75.6677261,14:27:01,17:51:01
c323,motorcycle,4.806172238,-75.74769884,14:29:01,23:00:01
c324,motorcycle,4.846395728,-75.65751225,14:34:01,18:46:03
c325,motorcycle,4.826275112,-75.69718748,14:34:01,19:13:02
c326,motorcycle,4.809614389,-75.74134201,14:44:01,21:46:00
c327,motorcycle,4.809221508,-75.70662886,14:45:01,18:21:02
c328,motorcycle,4.791407487,-75.71023911,14:51:03,23:10:00
c329,motorcycle,4.81083866,-75.69177479,15:03:01,18:04:01
c330,motorcycle,4.806772967,-75.68356186,15:05:01,18:42:01
c331,bicycle,4.809241785,-75.67812771,15:05:01,21:39:01
c332,motorcycle,4.810331716,-75.68449527,15:08:00,22:30:01
c333,motorcycle,4.80674255,-75.71958929,15:10:00,16:06:00
c334,motorcycle,4.820863482,-75.68128198,15:13:00,20:11:01
c335,motorcycle,4.818919351,-75.69808871,15:13:00,17:24:01
c336,motorcycle,4.828117854,-75.68717211,15:13:00,22:27:00
c337,motorcycle,4.827603306,-75.67959756,15:14:01,19:17:01
c338,motorcycle,4.835116219,-75.69355577,15:15:01,18:36:01
c339,motorcycle,4.809305153,-75.68536967,15:22:04,21:24:01
c340,bicycle,4.803873246,-75.74664205,15:26:01,20:55:02
c341,motorcycle,4.816022165,-75.73316664,15:27:01,20:38:02
c342,motorcycle,4.79652002,-75.70725113,15:27:01,17:14:00
c343,motorcycle,4.805122864,-75.74211448,15:28:00,21:54:00
c344,motorcycle,4.840717953,-75.66243678,15:29:00,21:12:00
c345,bicycle,4.81088175,-75.69169968,15:29:00,20:00:01
c346,motorcycle,4.827707229,-75.67955464,15:32:02,17:48:02
c347,motorcycle,4.796783631,-75.74597687,15:37:00,21:04:01
c348,motorcycle,4.806816057,-75.6835565,15:37:00,18:50:02
c349,motorcycle,4.804451162,-75.68377107,15:38:01,23:45:00
c350,motorcycle,4.847749269,-75.66316098,15:39:02,18:10:01
c351,motorcycle,4.806902238,-75.74195892,15:40:01,16:49:01
c352,motorcycle,4.800727657,-75.73869199,15:45:00,20:21:01
c353,bicycle,4.813766263,-75.69474131,15:47:01,16:51:01
c354,bicycle,4.811558521,-75.6923756,15:51:01,18:07:01
c355,motorcycle,4.814204769,-75.69065899,15:57:00,20:51:01
c356,motorcycle,4.810478729,-75.70230514,15:59:00,18:33:01
c357,motorcycle,4.795774812,-75.74235052,16:00:01,22:45:00
c358,car,4.803422066,-75.70824891,16:03:01,20:41:01
c359,walking,4.833526949,-75.66517264,16:05:00,23:48:00
c360,motorcycle,4.800314498,-75.69344312,16:05:00,20:44:02
c361,motorcycle,4.80101915,-75.74136883,16:26:01,21:35:01
c362,motorcycle,4.829816117,-75.69042295,16:32:02,21:10:00
c363,motorcycle,4.795670888,-75.70824355,16:33:01,20:07:01
c364,motorcycle,4.798355158,-75.84526151,16:39:01,22:53:00
c365,motorcycle,4.803528524,-75.70563108,16:46:02,22:20:00
c366,motorcycle,4.840725557,-75.67050487,16:53:00,20:46:02
c367,motorcycle,4.755041843,-75.92915565,16:53:00,22:18:00
c368,motorcycle,4.819071434,-75.67745179,16:53:00,22:47:00
c369,motorcycle,4.755135628,-75.92929512,16:53:00,22:19:00
c370,motorcycle,4.808263383,-75.68956465,17:02:03,20:44:02
c371,motorcycle,4.80920123,-75.74053735,17:03:01,23:10:00
c372,motorcycle,4.806091127,-75.74767202,17:03:01,20:38:02
c373,motorcycle,4.811005951,-75.69311589,17:07:02,22:30:01
c374,motorcycle,4.807178522,-75.72150439,17:09:02,21:47:01
c375,motorcycle,4.8199231,-75.72947055,17:15:01,20:46:02
c376,bicycle,4.808838765,-75.72585493,17:16:00,20:14:01
c377,motorcycle,4.800258734,-75.73703438,17:19:00,21:11:01
c378,motorcycle,4.810922306,-75.69347531,17:23:00,19:54:01
c379,motorcycle,4.794357903,-75.73194355,17:25:00,21:24:01
c380,motorcycle,4.827897333,-75.68016082,17:26:02,19:11:01
c381,motorcycle,4.798758179,-75.71344167,17:28:02,18:50:02
c382,motorcycle,4.805870606,-75.69392592,17:32:00,18:04:01
c383,motorcycle,4.808785536,-75.67450672,17:38:00,21:54:00
c384,motorcycle,4.806537238,-75.74096113,17:45:01,18:30:01
c385,motorcycle,4.839430314,-75.66805333,17:46:01,19:14:01
c386,motorcycle,4.806737481,-75.68315417,17:47:00,21:24:01
c387,motorcycle,4.839455662,-75.66803724,17:47:00,18:41:01
c388,bicycle,4.807551126,-75.68353504,17:48:02,22:53:00
c389,motorcycle,4.80411151,-75.73232979,17:55:01,19:42:01
c390,motorcycle,4.81374345,-75.68447381,17:55:01,22:27:00
c391,motorcycle,4.802174983,-75.69919378,17:56:01,19:36:02
c392,bicycle,4.851041872,-75.65815598,18:09:02,19:21:00
c393,motorcycle,4.805396613,-75.69093257,18:11:01,20:18:01
c394,motorcycle,4.789871446,-75.74007601,18:12:00,21:55:00
c395,motorcycle,4.8077463,-75.68681806,18:17:01,18:39:01
c396,motorcycle,4.817271782,-75.69011182,18:17:01,23:10:00
c397,motorcycle,4.80397717,-75.6863299,18:28:01,22:21:00
c398,motorcycle,4.811305048,-75.67869097,18:32:01,19:45:01
c399,motorcycle,4.785453427,-75.69904894,18:39:01,18:46:03
c400,motorcycle,4.802091337,-75.73000699,18:39:01,21:47:01
c401,motorcycle,4.806585398,-75.74039251,18:53:01,20:19:00
c402,motorcycle,4.825240945,-75.69645792,18:58:02,20:52:00
c403,motorcycle,4.799298074,-75.71257263,19:00:01,23:48:00
c404,motorcycle,4.813008381,-75.680134,19:02:02,22:04:00
c405,car,4.820919246,-75.71018547,19:02:02,23:45:00
c406,motorcycle,4.799153595,-75.72809726,19:02:02,23:48:00
c407,motorcycle,4.809330501,-75.76148003,19:06:01,21:54:00
c408,motorcycle,4.834185976,-75.68128198,19:12:01,19:43:02
c409,motorcycle,4.805399148,-75.68070799,19:19:01,20:54:01
c410,motorcycle,4.806144356,-75.6841895,19:23:02,22:37:00
c411,motorcycle,4.809530744,-75.67177624,19:40:01,23:40:00
c412,motorcycle,4.793587348,-75.70596367,19:56:02,20:37:00
c413,motorcycle,4.807391439,-75.68592757,20:32:02,23:24:00
c414,motorcycle,4.807325536,-75.68594903,20:41:01,23:10:00
c415,bicycle,4.844390764,-75.66799968,22:36:00,23:27:00
